step,epoch,lr,loss,loss_main,loss_aux,ed,nll,loss_sde,vol_mse,sde_acc,mean_mu,mean_sigma,eff_k,grad_norm,steps/s,eta_min,mean_nu,mean_mse,pred_mean_std
50,0,0.000007,-5.851503,-0.669686,0.634136,0.071545,-0.717312,0.312668,0.321468,0.881133,0.013143,0.079970,1.000000,105.120813,7.006903,53.161860,2.571488,0.039512,0.011259
100,0,0.000015,-8.345477,-0.685019,0.881941,0.071181,-0.731276,0.380755,0.501186,0.843750,0.013380,0.075688,1.000000,84.546342,8.681145,42.813091,2.637685,0.035555,0.009347
150,0,0.000022,-9.480043,-0.696427,0.938452,0.071240,-0.744196,0.284228,0.654224,0.884805,0.013613,0.076470,1.000000,61.706368,9.433533,39.310122,2.601003,0.040496,0.008993
200,0,0.000030,-9.588035,-0.685900,0.529967,0.072915,-0.735187,0.111365,0.418602,0.963477,0.014631,0.078638,1.000000,86.127039,9.861832,37.518384,2.447800,0.042766,0.008911
250,0,0.000037,-9.598170,-0.710534,0.475124,0.071216,-0.759018,0.039472,0.435653,0.990469,0.013833,0.078013,1.000000,91.976046,10.137761,36.415010,2.418715,0.042920,0.008041
300,0,0.000045,-9.548105,-0.715228,0.553686,0.071085,-0.763292,0.021861,0.531825,0.995977,0.015007,0.078838,1.000000,89.394481,10.327568,35.665061,2.383988,0.041738,0.008524
350,0,0.000052,-9.270112,-0.702359,0.591847,0.072545,-0.753780,0.017146,0.574700,0.997695,0.016176,0.078667,1.000000,51.460463,10.462862,35.124232,2.360528,0.050492,0.008895
400,0,0.000060,-9.248036,-0.715241,0.493467,0.071240,-0.763847,0.014375,0.479092,0.999180,0.016118,0.077528,1.000000,70.638967,10.568355,34.694771,2.304524,0.043288,0.008701
450,1,0.000067,-9.603803,-0.700320,0.477280,0.072219,-0.749558,0.013419,0.463861,0.999687,0.016184,0.077879,1.000000,54.922907,10.575422,34.592789,2.358040,0.043763,0.009409
500,1,0.000075,-9.171794,-0.714471,0.379656,0.071015,-0.762133,0.009533,0.370122,0.999766,0.016189,0.077827,1.000000,28.354698,10.652613,34.263894,2.342107,0.040517,0.008552
550,1,0.000082,-9.124043,-0.708710,0.467919,0.071953,-0.758268,0.009793,0.458126,1.000000,0.016372,0.077893,1.000000,43.365571,10.717229,33.979556,2.330513,0.045273,0.008285
600,1,0.000090,-9.061451,-0.709237,0.520304,0.071606,-0.757792,0.009833,0.510471,1.000000,0.016013,0.076788,1.000000,77.647642,10.769752,33.736463,2.299931,0.042506,0.008710
650,1,0.000097,-9.020140,-0.712639,0.651138,0.071076,-0.759853,0.008002,0.643136,1.000000,0.016025,0.077411,1.000000,44.539677,10.811620,33.528741,2.311066,0.038920,0.008466
700,1,0.000105,-9.019176,-0.711167,0.378045,0.071040,-0.758374,0.005139,0.372906,1.000000,0.016219,0.078429,1.000000,161.032327,10.851841,33.327678,2.334369,0.038956,0.009745
750,1,0.000112,-9.208386,-0.719428,0.531866,0.070658,-0.766133,0.005198,0.526667,1.000000,0.016263,0.078180,1.000000,52.350437,10.887422,33.142219,2.421766,0.037923,0.009390
800,1,0.000120,-8.787667,-0.708354,0.566913,0.072076,-0.758282,0.005067,0.561846,1.000000,0.015654,0.077595,1.000000,65.362344,10.918798,32.970663,2.314340,0.046302,0.008922
850,1,0.000127,-9.193670,-0.717245,0.362449,0.071169,-0.766005,0.004934,0.357515,1.000000,0.017004,0.077510,1.000000,106.332134,10.946919,32.809840,2.337768,0.043920,0.009464
900,2,0.000135,-8.061572,-0.702543,0.470578,0.072744,-0.753484,0.004034,0.466544,1.000000,0.016263,0.078486,1.000000,75.162106,10.928895,32.787700,2.316756,0.048563,0.008953
950,2,0.000142,-9.239093,-0.704867,0.438521,0.072508,-0.756347,0.004700,0.433821,1.000000,0.016163,0.076436,1.000000,61.249117,10.950407,32.647188,2.335053,0.050752,0.009492
1000,2,0.000150,-9.531312,-0.707462,0.450113,0.071872,-0.757040,0.007093,0.443020,1.000000,0.016035,0.078685,1.000000,103.181103,10.972081,32.506748,2.331650,0.045474,0.008671
1050,2,0.000157,-9.354138,-0.719389,0.471865,0.070645,-0.765610,0.003868,0.467997,1.000000,0.015255,0.076443,1.000000,38.990447,10.901699,32.640171,2.321181,0.036329,0.008254
1100,2,0.000165,-8.868498,-0.717886,0.606707,0.070520,-0.763878,0.003420,0.603287,1.000000,0.016466,0.077074,1.000000,87.739001,10.923618,32.498390,2.311430,0.035772,0.009382
1150,2,0.000172,-8.967039,-0.711973,0.752508,0.071399,-0.762010,0.004002,0.748506,1.000000,0.015630,0.077916,1.000000,37.393598,10.943457,32.363327,2.359985,0.047793,0.008013
1200,2,0.000180,-8.408089,-0.713426,0.383010,0.071159,-0.761204,0.003289,0.379721,1.000000,0.015525,0.076702,1.000000,42.825194,10.962204,32.231962,2.310898,0.040661,0.008348
1250,2,0.000187,-9.690812,-0.720632,0.459008,0.070891,-0.767494,0.002804,0.456204,1.000000,0.016918,0.077339,1.000000,55.759875,10.978524,32.108140,2.371717,0.038055,0.009705
1300,2,0.000195,-8.602564,-0.705562,0.437259,0.071906,-0.753927,0.002841,0.434418,1.000000,0.016415,0.078610,1.000000,106.417173,10.993388,31.988926,2.319021,0.041374,0.008975
1350,3,0.000202,-8.380829,-0.700681,0.378931,0.072840,-0.751664,0.001749,0.377183,1.000000,0.014865,0.077311,1.000000,102.380268,10.975643,31.964717,2.256333,0.048545,0.008409
1400,3,0.000210,-8.330299,-0.712513,0.651918,0.071879,-0.762414,0.002393,0.649525,1.000000,0.016683,0.076356,1.000000,54.183218,10.990657,31.845231,2.325555,0.046539,0.010487
1450,3,0.000217,-8.462211,-0.707194,0.314459,0.071563,-0.755331,0.001567,0.312892,1.000000,0.015573,0.079594,1.000000,67.089486,11.004818,31.728527,2.321512,0.041187,0.009303
1500,3,0.000225,-8.271650,-0.712403,0.378676,0.071731,-0.761353,0.001664,0.377012,1.000000,0.015133,0.077251,1.000000,88.579599,11.018033,31.614838,2.282390,0.043614,0.009189
1550,3,0.000232,-8.948385,-0.718161,0.351927,0.070464,-0.763959,0.000832,0.351095,1.000000,0.016122,0.077101,1.000000,106.433740,11.030445,31.503715,2.297210,0.035219,0.009957
1600,3,0.000240,-9.415296,-0.707961,0.375077,0.072136,-0.758725,0.001185,0.373892,1.000000,0.016284,0.078505,1.000000,60.632589,11.041976,31.395348,2.326444,0.048985,0.009987
1650,3,0.000247,-9.223481,-0.713206,0.478261,0.071118,-0.760446,0.000845,0.477416,1.000000,0.017844,0.076521,1.000000,80.757616,11.052895,31.288938,2.352061,0.038938,0.009490
1700,3,0.000255,-9.397824,-0.705129,0.467459,0.072137,-0.754594,0.000748,0.466711,1.000000,0.017930,0.079697,1.000000,51.418983,11.063237,31.184362,2.305482,0.044656,0.010057
1750,3,0.000262,-7.243625,-0.708726,0.850058,0.071518,-0.758114,0.000553,0.849505,1.000000,0.016835,0.081045,1.000000,80.369054,11.073018,31.081559,2.327401,0.045431,0.009876
1800,4,0.000270,-8.994621,-0.707844,0.460205,0.071005,-0.754296,0.000921,0.459284,1.000000,0.015679,0.075603,1.000000,51.626744,11.062938,31.034552,2.343637,0.036497,0.007479
1850,4,0.000277,-8.218633,-0.715505,0.334962,0.070996,-0.762511,0.000853,0.334108,1.000000,0.015734,0.077272,1.000000,114.549355,11.072157,30.933449,2.330666,0.038359,0.009469
1900,4,0.000285,-8.054983,-0.723829,0.287470,0.070552,-0.772373,0.000962,0.286508,1.000000,0.016252,0.077823,1.000000,108.064359,11.080360,30.835340,2.376105,0.044227,0.009459
1950,4,0.000292,-9.008363,-0.697559,0.598261,0.073085,-0.748228,0.000794,0.597467,1.000000,0.015387,0.076924,1.000000,83.626938,11.088738,30.736891,2.229481,0.047087,0.008636
2000,4,0.000300,-9.068330,-0.706567,0.434721,0.071478,-0.754531,0.000154,0.434567,1.000000,0.016592,0.079451,1.000000,164.792552,11.096609,30.639991,2.307425,0.040750,0.009326
2050,4,0.000300,-9.163463,-0.717386,0.464350,0.071437,-0.766261,0.000160,0.464190,1.000000,0.016356,0.077225,1.000000,124.013084,11.080386,30.609643,2.303837,0.043852,0.009913
2100,4,0.000300,-9.214528,-0.700057,0.970810,0.072379,-0.749970,0.000176,0.970634,1.000000,0.013823,0.079360,1.000000,138.182904,11.087079,30.516002,2.346933,0.045748,0.008760
2150,4,0.000300,-9.643665,-0.714998,0.409946,0.071875,-0.765023,0.000141,0.409805,1.000000,0.017405,0.077114,1.000000,84.950270,11.094198,30.421307,2.260066,0.046958,0.010044
2200,4,0.000300,-8.904394,-0.712328,0.355499,0.070822,-0.759538,0.000051,0.355449,1.000000,0.016334,0.082765,1.000000,56.781364,11.101178,30.327112,2.350202,0.039329,0.009305
2250,5,0.000300,-7.389565,-0.707303,0.503976,0.071547,-0.755023,0.000127,0.503849,1.000000,0.015024,0.077111,1.000000,66.953774,11.090078,30.282324,2.329675,0.039820,0.007186
2300,5,0.000300,-9.083660,-0.711219,0.480593,0.071806,-0.760013,0.000060,0.480534,1.000000,0.016135,0.077976,1.000000,74.081342,11.096846,30.188757,2.315314,0.042972,0.010191
2350,5,0.000300,-9.382022,-0.715899,0.516660,0.071774,-0.766146,0.000044,0.516617,1.000000,0.016290,0.076671,1.000000,53.278069,11.103284,30.096202,2.307193,0.047867,0.009698
2400,5,0.000300,-7.793079,-0.699890,0.398630,0.072706,-0.751235,0.000050,0.398580,1.000000,0.015426,0.076112,1.000000,124.833782,11.109407,30.004601,2.273095,0.049972,0.009613
2450,5,0.000300,-9.546408,-0.726423,0.455056,0.070298,-0.773539,0.000044,0.455013,1.000000,0.018081,0.077295,1.000000,88.959637,11.115217,29.913946,2.343279,0.039890,0.010936
2500,5,0.000300,-9.636966,-0.710032,0.570678,0.071476,-0.757969,0.000083,0.570595,1.000000,0.015745,0.078152,1.000000,63.284697,11.120892,29.823747,2.309920,0.040666,0.009939
2550,5,0.000299,-9.572975,-0.712120,0.660510,0.071201,-0.759252,0.000054,0.660456,1.000000,0.017343,0.079402,1.000000,81.084861,11.126345,29.734233,2.334411,0.038441,0.009354
2600,5,0.000299,-9.462897,-0.715614,0.522277,0.070585,-0.760981,0.000043,0.522234,1.000000,0.016417,0.077793,1.000000,70.892403,11.131506,29.645584,2.354556,0.033580,0.009428
2650,5,0.000299,-8.608228,-0.714590,0.249998,0.071562,-0.763884,0.000029,0.249969,1.000000,0.015626,0.076975,1.000000,184.862717,11.136547,29.557335,2.309671,0.045042,0.009135
2700,6,0.000299,-8.327293,-0.704119,0.423193,0.071838,-0.753184,0.000026,0.423167,1.000000,0.015647,0.077709,1.000000,57.641606,11.128412,29.504059,2.297709,0.043819,0.008329
2750,6,0.000299,-8.281462,-0.724775,0.627106,0.070416,-0.771683,0.000028,0.627078,1.000000,0.016038,0.077944,1.000000,50.192041,11.133423,29.415932,2.336057,0.039000,0.009724
2800,6,0.000299,-6.838929,-0.712846,0.486937,0.071259,-0.760209,0.000014,0.486923,1.000000,0.016801,0.077449,1.000000,28.846809,11.138252,29.328360,2.269938,0.039111,0.010413
2850,6,0.000299,-9.295649,-0.705253,0.413655,0.072518,-0.756465,0.000013,0.413642,1.000000,0.015889,0.078547,1.000000,115.155468,11.142190,29.243203,2.345719,0.049844,0.009459
2900,6,0.000299,-7.547479,-0.722220,0.512849,0.070682,-0.768973,0.000011,0.512838,1.000000,0.017377,0.077749,1.000000,31.607332,11.145907,29.158685,2.353488,0.038039,0.009493
2950,6,0.000298,-8.520926,-0.712440,0.387929,0.070968,-0.759798,0.000009,0.387921,1.000000,0.016571,0.078440,1.000000,70.809535,11.150075,29.073049,2.345203,0.039583,0.008113
3000,6,0.000298,-7.529201,-0.712187,0.604663,0.071669,-0.761284,0.000011,0.604652,1.000000,0.015623,0.077710,1.000000,32.143610,11.154004,28.988097,2.292522,0.044207,0.008715
3050,6,0.000298,-9.391121,-0.715536,0.450322,0.071533,-0.763882,0.000007,0.450315,1.000000,0.016577,0.077687,1.000000,89.045173,11.142018,28.944488,2.311985,0.041932,0.009826
3100,6,0.000298,-9.854293,-0.707002,0.334629,0.072721,-0.759106,0.000004,0.334625,1.000000,0.016477,0.078421,1.000000,49.427064,11.146123,28.859064,2.299070,0.052477,0.009668
3150,7,0.000298,-8.638200,-0.719975,0.469265,0.070649,-0.765845,0.000005,0.469260,1.000000,0.016919,0.078061,1.000000,40.999153,11.136691,28.808677,2.323915,0.035152,0.009001
3200,7,0.000297,-9.111515,-0.709243,0.575849,0.072068,-0.758629,0.000003,0.575847,1.000000,0.014838,0.078053,1.000000,93.477870,11.140871,28.723068,2.278357,0.044506,0.008379
3250,7,0.000297,-9.922285,-0.715899,0.413244,0.070537,-0.761957,0.000003,0.413241,1.000000,0.015256,0.077901,1.000000,72.916781,11.144749,28.638301,2.338074,0.035965,0.008969
3300,7,0.000297,-9.898873,-0.720324,0.521976,0.071082,-0.768389,0.000005,0.521971,1.000000,0.017709,0.077963,1.000000,53.232220,11.148542,28.553809,2.360293,0.041746,0.009282
3350,7,0.000297,-9.871252,-0.702538,0.326254,0.073283,-0.755755,0.000003,0.326251,1.000000,0.016722,0.078111,1.000000,75.129225,11.152176,28.469781,2.309087,0.055250,0.009502
3400,7,0.000297,-9.589503,-0.719806,0.524379,0.070835,-0.766906,0.000002,0.524377,1.000000,0.015796,0.077613,1.000000,97.878734,11.155747,28.385967,2.306435,0.038939,0.009641
3450,7,0.000296,-9.350021,-0.712825,0.467726,0.071670,-0.762375,0.000003,0.467723,1.000000,0.014938,0.078610,1.000000,84.094808,11.159242,28.302401,2.371611,0.045717,0.009066
3500,7,0.000296,-9.417596,-0.713111,0.284884,0.071647,-0.761714,0.000006,0.284878,1.000000,0.015367,0.078330,1.000000,103.621675,11.162636,28.219140,2.362641,0.042597,0.009719
3550,7,0.000296,-9.908854,-0.719171,0.570519,0.071234,-0.767980,0.000005,0.570513,1.000000,0.018116,0.078143,1.000000,89.254533,11.165864,28.136351,2.333847,0.043974,0.011176
3600,8,0.000295,-9.279750,-0.723319,0.696268,0.071156,-0.771978,0.000008,0.696260,1.000000,0.015432,0.078423,1.000000,166.827441,11.157450,28.082881,2.317971,0.043604,0.009076
3650,8,0.000295,-9.869996,-0.719341,0.497360,0.071463,-0.769394,0.000005,0.497356,1.000000,0.015659,0.078476,1.000000,95.518931,11.160802,27.999781,2.337464,0.047738,0.010000
3700,8,0.000295,-9.863936,-0.717574,0.668099,0.071093,-0.765120,0.000004,0.668096,1.000000,0.016821,0.079207,1.000000,93.636958,11.163773,27.917682,2.355058,0.039999,0.009973
3750,8,0.000295,-8.627034,-0.713161,0.322918,0.071304,-0.760013,0.000004,0.322914,1.000000,0.015059,0.077587,1.000000,97.844836,11.166736,27.835649,2.328099,0.037335,0.008801
3800,8,0.000294,-10.051557,-0.705218,0.415827,0.071689,-0.753364,0.000003,0.415824,1.000000,0.016064,0.079108,1.000000,91.257620,11.169627,27.753836,2.350613,0.041007,0.007608
3850,8,0.000294,-9.759841,-0.727696,0.453573,0.070666,-0.775267,0.000004,0.453569,1.000000,0.017157,0.077660,1.000000,93.550864,11.172626,27.671800,2.323733,0.040794,0.010093
3900,8,0.000294,-10.027120,-0.715858,0.451398,0.072124,-0.766596,0.000004,0.451394,1.000000,0.017864,0.077809,1.000000,75.400235,11.175548,27.589998,2.334344,0.048918,0.011367
3950,8,0.000293,-10.011937,-0.717600,0.577144,0.071364,-0.765641,0.000006,0.577138,1.000000,0.015498,0.077888,1.000000,93.368108,11.178430,27.508336,2.353017,0.041197,0.009504
4000,8,0.000293,-9.986235,-0.714273,0.347201,0.071733,-0.763525,0.000004,0.347197,1.000000,0.015559,0.077934,1.000000,86.712961,11.181235,27.426904,2.321036,0.044619,0.007963
4050,9,0.000293,-9.860999,-0.725343,0.564756,0.070456,-0.771999,0.000002,0.564753,1.000000,0.017229,0.078573,1.000000,92.404794,11.162762,27.397639,2.310004,0.038093,0.009943
4100,9,0.000292,-9.239579,-0.700951,0.375115,0.071756,-0.749456,0.000002,0.375113,1.000000,0.015197,0.077607,1.000000,59.940153,11.165721,27.315746,2.334570,0.042091,0.007473
4150,9,0.000292,-9.762145,-0.713403,0.513375,0.072416,-0.764489,0.000003,0.513373,1.000000,0.015718,0.078194,1.000000,143.281306,11.168535,27.234250,2.293441,0.049595,0.007909
4200,9,0.000292,-10.050458,-0.712583,0.611617,0.071504,-0.761189,0.000003,0.611615,1.000000,0.016951,0.077774,1.000000,133.750789,11.171306,27.152899,2.316222,0.042850,0.010046
4250,9,0.000291,-10.193678,-0.727619,0.334902,0.070417,-0.776140,0.000003,0.334899,1.000000,0.016544,0.075756,1.000000,69.350546,11.174008,27.071754,2.340555,0.044376,0.009839
4300,9,0.000291,-9.893872,-0.706849,0.567869,0.071665,-0.753889,0.000004,0.567865,1.000000,0.017267,0.077666,1.000000,94.149121,11.176660,26.990771,2.295117,0.037361,0.009496
4350,9,0.000290,-9.825671,-0.724319,0.475680,0.070628,-0.771598,0.000002,0.475678,1.000000,0.016604,0.078704,1.000000,83.303735,11.179250,26.909974,2.384944,0.039884,0.009482
4400,9,0.000290,-10.063189,-0.706645,0.659482,0.071744,-0.754609,0.000002,0.659480,1.000000,0.015826,0.078009,1.000000,88.059138,11.181769,26.829386,2.292828,0.040309,0.009035
4450,9,0.000289,-10.003144,-0.713959,0.422651,0.071364,-0.761879,0.000003,0.422648,1.000000,0.015309,0.077617,1.000000,207.479462,11.184202,26.749040,2.315613,0.040792,0.008710
4500,10,0.000289,-9.436491,-0.704993,0.345818,0.071842,-0.753994,0.000004,0.345815,1.000000,0.016829,0.078902,1.000000,60.936074,11.177902,26.689564,2.310639,0.043599,0.009427
4550,10,0.000289,-10.185811,-0.715372,0.249459,0.071627,-0.764042,0.000004,0.249455,1.000000,0.016515,0.077543,1.000000,68.468447,11.180007,26.610001,2.356948,0.042854,0.008978
4600,10,0.000288,-9.772427,-0.715282,0.769369,0.071338,-0.764048,0.000004,0.769365,1.000000,0.016736,0.078500,1.000000,51.197631,11.182431,26.529712,2.340694,0.043655,0.009754
4650,10,0.000288,-9.386883,-0.713490,0.333589,0.072312,-0.764724,0.000003,0.333586,1.000000,0.016415,0.078624,1.000000,146.338971,11.184781,26.449632,2.371142,0.050261,0.009615
4700,10,0.000287,-9.967385,-0.719527,0.458707,0.071163,-0.767309,0.000003,0.458704,1.000000,0.015961,0.077750,1.000000,83.544784,11.186996,26.369904,2.366967,0.040669,0.009024
4750,10,0.000287,-10.109342,-0.723411,0.531339,0.070936,-0.771196,0.000004,0.531335,1.000000,0.015820,0.078267,1.000000,73.824596,11.189124,26.290410,2.357265,0.041058,0.009168
4800,10,0.000286,-10.026139,-0.718040,0.661592,0.070965,-0.765786,0.000003,0.661588,1.000000,0.015760,0.079303,1.000000,310.500201,11.191241,26.210974,2.368978,0.040878,0.009099
4850,10,0.000286,-10.141601,-0.720046,0.577750,0.070917,-0.767410,0.000004,0.577746,1.000000,0.017235,0.078643,1.000000,104.143259,11.193414,26.131437,2.342099,0.039687,0.010847
4900,10,0.000285,-9.909379,-0.712662,0.371144,0.071536,-0.761132,0.000004,0.371140,1.000000,0.015684,0.078155,1.000000,57.931231,11.195516,26.052096,2.420944,0.042343,0.008860
4950,11,0.000285,-9.985611,-0.714409,0.409704,0.071042,-0.761336,0.000002,0.409702,1.000000,0.017284,0.077871,1.000000,166.058043,11.189770,25.991002,2.352932,0.038019,0.010175
5000,11,0.000284,-9.925182,-0.727778,0.333964,0.070890,-0.776107,0.000003,0.333962,1.000000,0.016613,0.076467,1.000000,180.560748,11.191954,25.911471,2.305625,0.042946,0.011321
5050,11,0.000284,-8.236455,-0.720335,0.473219,0.071193,-0.769113,0.000004,0.473215,1.000000,0.017867,0.078582,1.000000,88.661178,11.177467,25.870500,2.352262,0.043941,0.009955
5100,11,0.000283,-9.903324,-0.722658,0.423281,0.070619,-0.769948,0.000002,0.423279,1.000000,0.015879,0.078285,1.000000,86.357891,11.179665,25.790874,2.348862,0.039935,0.010264
5150,11,0.000283,-9.867033,-0.715305,0.850140,0.071610,-0.764252,0.000010,0.850131,1.000000,0.016487,0.077613,1.000000,111.395493,11.181861,25.711284,2.320347,0.043810,0.009866
5200,11,0.000282,-9.876885,-0.706118,0.299265,0.072476,-0.756273,0.000004,0.299262,1.000000,0.015409,0.078645,1.000000,146.937438,11.183979,25.631904,2.283568,0.046391,0.008083
5250,11,0.000282,-9.877390,-0.706753,0.465197,0.072008,-0.755615,0.000001,0.465196,1.000000,0.016243,0.077774,1.000000,61.441093,11.186082,25.552587,2.277048,0.042859,0.008950
5300,11,0.000281,-9.771960,-0.722866,0.695329,0.071104,-0.771630,0.000001,0.695329,1.000000,0.016038,0.079274,1.000000,91.532943,11.188156,25.473368,2.393312,0.044043,0.009285
5350,11,0.000281,-9.804582,-0.717834,0.510876,0.071411,-0.766544,0.000001,0.510875,1.000000,0.016029,0.079439,1.000000,183.007576,11.189772,25.395216,2.382428,0.043350,0.009755
5400,12,0.000280,-10.159487,-0.718522,0.222243,0.071215,-0.766552,0.000001,0.222242,1.000000,0.017535,0.078409,1.000000,172.431641,11.184343,25.333034,2.296093,0.041408,0.009958
5450,12,0.000279,-9.801018,-0.728680,0.752739,0.070393,-0.774695,0.000001,0.752738,1.000000,0.015703,0.078565,1.000000,288.388871,11.186374,25.253937,2.361824,0.036061,0.008964
5500,12,0.000279,-10.179260,-0.724206,0.368456,0.070630,-0.772198,0.000001,0.368455,1.000000,0.015797,0.079146,1.000000,185.928591,11.188347,25.175002,2.345518,0.042257,0.009391
5550,12,0.000278,-9.880868,-0.711089,0.434562,0.072153,-0.759448,0.000001,0.434560,1.000000,0.016128,0.077710,1.000000,205.737186,11.190290,25.096163,2.309363,0.040941,0.008871
5600,12,0.000278,-9.690504,-0.720097,0.507185,0.071428,-0.768775,0.000002,0.507184,1.000000,0.015997,0.078351,1.000000,142.306434,11.192207,25.017408,2.313943,0.043212,0.009791
5650,12,0.000277,-9.984502,-0.714520,0.580359,0.071789,-0.763449,0.000001,0.580357,1.000000,0.017507,0.078569,1.000000,150.449347,11.194069,24.938801,2.404346,0.043447,0.011130
5700,12,0.000276,-10.054999,-0.716289,0.501574,0.071142,-0.763669,0.000001,0.501573,1.000000,0.016003,0.077655,1.000000,280.815802,11.195908,24.860273,2.303514,0.039365,0.009438
5750,12,0.000276,-10.339893,-0.718857,0.316507,0.071506,-0.768711,0.000001,0.316506,1.000000,0.016587,0.080002,1.000000,103.288545,11.197502,24.782312,2.372468,0.047005,0.008889
5800,12,0.000275,-8.937320,-0.725038,0.453316,0.070872,-0.774041,0.000001,0.453315,1.000000,0.015907,0.078981,1.000000,83.535406,11.199271,24.703989,2.344923,0.045224,0.009006
5850,13,0.000274,-9.148682,-0.718153,0.558253,0.071224,-0.765471,0.000001,0.558252,1.000000,0.015737,0.078223,1.000000,151.079627,11.194556,24.639953,2.312481,0.039018,0.009945
5900,13,0.000274,-9.940504,-0.712035,0.750704,0.072164,-0.762235,0.000001,0.750703,1.000000,0.016567,0.078790,1.000000,71.515104,11.196308,24.561668,2.317220,0.047058,0.010547
5950,13,0.000273,-10.044137,-0.725418,0.526700,0.070447,-0.773141,0.000001,0.526699,1.000000,0.015487,0.077001,1.000000,59.696478,11.198017,24.483502,2.343321,0.041665,0.009659
6000,13,0.000273,-10.466011,-0.728145,0.299112,0.070440,-0.774778,0.000001,0.299112,1.000000,0.016051,0.079439,1.000000,13.783093,11.199724,24.405363,2.381412,0.038044,0.009099
6050,13,0.000272,-10.302299,-0.716101,0.364469,0.071180,-0.764681,0.000001,0.364469,1.000000,0.016897,0.077331,1.000000,34.559429,11.193265,24.344997,2.361449,0.043300,0.010192
6100,13,0.000271,-9.961085,-0.709672,0.521210,0.072726,-0.761441,0.000001,0.521209,1.000000,0.015649,0.079256,1.000000,67.522607,11.194963,24.266866,2.333050,0.051351,0.010151
6150,13,0.000271,-10.473236,-0.722309,0.336697,0.071447,-0.772021,0.000001,0.336696,1.000000,0.015883,0.077517,1.000000,15.349039,11.196351,24.189429,2.372325,0.046629,0.008860
6200,13,0.000270,-10.375040,-0.721117,0.575240,0.071245,-0.769067,0.000001,0.575239,1.000000,0.016917,0.078646,1.000000,25.258928,11.197926,24.111607,2.317257,0.041091,0.009514
6250,13,0.000269,-10.511372,-0.718780,0.257522,0.071506,-0.766604,0.000001,0.257521,1.000000,0.017354,0.078388,1.000000,42.148817,11.199492,24.033828,2.329281,0.040239,0.009894
6300,14,0.000268,-10.363474,-0.719615,0.751455,0.071440,-0.767488,0.000001,0.751454,1.000000,0.017050,0.078482,1.000000,10.438335,11.195260,23.968477,2.327121,0.040509,0.011357
6350,14,0.000268,-9.041985,-0.720935,0.452872,0.071313,-0.769588,0.000002,0.452871,1.000000,0.014904,0.078985,1.000000,38.819806,11.196891,23.890560,2.318725,0.043324,0.009315
6400,14,0.000267,-10.005552,-0.719403,0.467041,0.071230,-0.766270,0.000002,0.467039,1.000000,0.017454,0.078238,1.000000,54.861695,11.198522,23.812667,2.363487,0.037507,0.010282
6450,14,0.000266,-10.442340,-0.726664,0.579043,0.070792,-0.774469,0.000001,0.579041,1.000000,0.017156,0.078287,1.000000,17.448603,11.200082,23.734945,2.329529,0.041364,0.010559
6500,14,0.000266,-10.169416,-0.725134,0.300733,0.071366,-0.775962,0.000001,0.300732,1.000000,0.017135,0.077890,1.000000,65.165241,11.201660,23.657208,2.379790,0.050484,0.011321
6550,14,0.000265,-10.454564,-0.703792,0.493847,0.072470,-0.752676,0.000002,0.493845,1.000000,0.015459,0.079420,1.000000,16.524678,11.203196,23.579581,2.324391,0.042163,0.009587
6600,14,0.000264,-10.574661,-0.720526,0.259626,0.071245,-0.768245,0.000001,0.259625,1.000000,0.016738,0.078404,1.000000,7.817379,11.204702,23.502038,2.324066,0.040319,0.009728
6650,14,0.000263,-10.384874,-0.722530,0.468428,0.070748,-0.770029,0.000001,0.468427,1.000000,0.017184,0.078348,1.000000,35.475226,11.206206,23.424521,2.345761,0.040416,0.010526
6700,14,0.000263,-10.507454,-0.729771,0.556871,0.070538,-0.777575,0.000001,0.556870,1.000000,0.015994,0.077992,1.000000,11.691464,11.207537,23.347385,2.357387,0.041782,0.009993
6750,15,0.000262,-10.535749,-0.728925,0.463719,0.070897,-0.778471,0.000002,0.463718,1.000000,0.017054,0.077487,1.000000,9.803390,11.203115,23.282215,2.400333,0.046992,0.011072
6800,15,0.000261,-10.522676,-0.723116,0.574928,0.071122,-0.770972,0.000001,0.574927,1.000000,0.017266,0.078824,1.000000,12.922008,11.204621,23.204712,2.330416,0.040984,0.011340
6850,15,0.000260,-10.510977,-0.714136,0.246294,0.072094,-0.764151,0.000002,0.246292,1.000000,0.016375,0.079256,1.000000,46.774656,11.206117,23.127249,2.362070,0.046559,0.011233
6900,15,0.000259,-9.771058,-0.719420,0.350843,0.071444,-0.767227,0.000001,0.350842,1.000000,0.015580,0.078686,1.000000,53.660282,11.207594,23.049848,2.342071,0.040285,0.009750
6950,15,0.000259,-10.483217,-0.724772,0.672235,0.071153,-0.773659,0.000001,0.672234,1.000000,0.017601,0.077549,1.000000,25.719432,11.208920,22.972775,2.363566,0.044369,0.011015
7000,15,0.000258,-10.079169,-0.734027,0.239089,0.070132,-0.780720,0.000001,0.239088,1.000000,0.017241,0.078894,1.000000,67.339656,11.210184,22.895849,2.420882,0.038758,0.010204
7050,15,0.000257,-10.522732,-0.729803,0.682265,0.070603,-0.776735,0.000001,0.682264,1.000000,0.016649,0.079198,1.000000,9.458402,11.204585,22.832915,2.388576,0.038766,0.010590
7100,15,0.000256,-10.564215,-0.726024,0.592711,0.071375,-0.774199,0.000002,0.592710,1.000000,0.016156,0.079367,1.000000,13.780575,11.206007,22.755652,2.392342,0.041625,0.011219
7150,15,0.000255,-10.695661,-0.727608,0.225307,0.071164,-0.777773,0.000001,0.225306,1.000000,0.016660,0.079456,1.000000,10.596991,11.207422,22.678425,2.385422,0.048612,0.009194
7200,16,0.000255,-10.477064,-0.713377,0.365873,0.072728,-0.764621,0.000001,0.365872,1.000000,0.016168,0.079349,1.000000,35.349976,11.203058,22.612873,2.341410,0.049602,0.010303
7250,16,0.000254,-10.647932,-0.726400,0.325722,0.070954,-0.773270,0.000001,0.325721,1.000000,0.015974,0.078870,1.000000,14.444386,11.204404,22.535781,2.362125,0.037978,0.009749
7300,16,0.000253,-10.669037,-0.731122,0.388296,0.070788,-0.778946,0.000001,0.388294,1.000000,0.017079,0.078523,1.000000,7.251396,11.205780,22.458648,2.361267,0.041435,0.011958
7350,16,0.000252,-10.580523,-0.729751,0.611446,0.071088,-0.779009,0.000001,0.611445,1.000000,0.016848,0.078836,1.000000,21.015435,11.207130,22.381585,2.383662,0.045713,0.011724
7400,16,0.000251,-10.706570,-0.728355,0.292846,0.071196,-0.777024,0.000001,0.292845,1.000000,0.017788,0.079034,1.000000,9.039203,11.208466,22.304569,2.392981,0.043569,0.011926
7450,16,0.000250,-10.622742,-0.735792,0.652388,0.070836,-0.784649,0.000001,0.652387,1.000000,0.015988,0.078658,1.000000,12.676337,11.209778,22.227618,2.399694,0.044797,0.010172
7500,16,0.000250,-10.664525,-0.725619,0.507024,0.071312,-0.773625,0.000001,0.507023,1.000000,0.016361,0.080463,1.000000,9.767218,11.211083,22.150700,2.397487,0.041169,0.010284
7550,16,0.000249,-10.703254,-0.735896,0.460529,0.070123,-0.782518,0.000001,0.460528,1.000000,0.017189,0.079156,1.000000,8.032030,11.212374,22.073826,2.425042,0.038534,0.010837
7600,16,0.000248,-10.738244,-0.728839,0.349615,0.070974,-0.776834,0.000001,0.349614,1.000000,0.017402,0.078604,1.000000,10.515441,11.213624,21.997052,2.414023,0.041692,0.010735
7650,17,0.000247,-10.481241,-0.733956,0.362581,0.070590,-0.781451,0.000001,0.362580,1.000000,0.017444,0.081148,1.000000,42.614702,11.209281,21.931232,2.427794,0.040666,0.012427
7700,17,0.000246,-10.704919,-0.729305,0.375283,0.071010,-0.776724,0.000001,0.375282,1.000000,0.016064,0.079752,1.000000,22.235084,11.210553,21.854409,2.383920,0.039714,0.010958
7750,17,0.000245,-10.626329,-0.738438,0.413775,0.070352,-0.784486,0.000001,0.413774,1.000000,0.017111,0.078681,1.000000,12.952919,11.211805,21.777642,2.401323,0.036240,0.012029
7800,17,0.000244,-10.469017,-0.727289,0.157059,0.071286,-0.775419,0.000001,0.157058,1.000000,0.017627,0.079554,1.000000,182.163154,11.212794,21.701401,2.364172,0.041622,0.012062
7850,17,0.000243,-10.428311,-0.728699,0.571480,0.071795,-0.779578,0.000001,0.571479,1.000000,0.016742,0.079801,1.000000,42.877829,11.214033,21.624691,2.406856,0.049941,0.010604
7900,17,0.000242,-10.750650,-0.730011,0.410421,0.070900,-0.777946,0.000001,0.410420,1.000000,0.016687,0.079524,1.000000,10.505419,11.215257,21.548027,2.385818,0.041617,0.011372
7950,17,0.000242,-10.693671,-0.736605,0.598184,0.070546,-0.784872,0.000001,0.598183,1.000000,0.016658,0.078977,1.000000,14.424938,11.216457,21.471427,2.414783,0.043313,0.009979
8000,17,0.000241,-10.760187,-0.739397,0.450078,0.070352,-0.786639,0.000001,0.450077,1.000000,0.017450,0.078580,1.000000,13.156364,11.217652,21.394852,2.408541,0.040218,0.011840
8050,17,0.000240,-10.769816,-0.728730,0.415254,0.071494,-0.779241,0.000001,0.415253,1.000000,0.017396,0.079810,1.000000,10.718233,11.207611,21.339666,2.413491,0.049214,0.011946
8100,18,0.000239,-10.839557,-0.739228,0.291036,0.070457,-0.786864,0.000001,0.291035,1.000000,0.016747,0.079523,1.000000,7.424835,11.203853,21.272444,2.425463,0.041356,0.010929
8150,18,0.000238,-10.773193,-0.728288,0.497987,0.072283,-0.780902,0.000001,0.497986,1.000000,0.018049,0.079130,1.000000,19.419689,11.205070,21.195762,2.407191,0.054906,0.012893
8200,18,0.000237,-9.964396,-0.738068,0.645734,0.070515,-0.786137,0.000001,0.645733,1.000000,0.017362,0.080421,1.000000,63.617068,11.206270,21.119130,2.430834,0.042704,0.012604
8250,18,0.000236,-10.498717,-0.734015,0.440241,0.070717,-0.781067,0.000001,0.440240,1.000000,0.018621,0.079109,1.000000,53.387605,11.207465,21.042522,2.405712,0.038981,0.013339
8300,18,0.000235,-10.662998,-0.739088,0.455405,0.070386,-0.787096,0.000001,0.455404,1.000000,0.017079,0.080497,1.000000,24.303844,11.208630,20.965987,2.438249,0.042716,0.012903
8350,18,0.000234,-10.714663,-0.723394,0.253781,0.072463,-0.774681,0.000001,0.253780,1.000000,0.017316,0.079256,1.000000,18.856085,11.209772,20.889512,2.382654,0.050186,0.012097
8400,18,0.000233,-10.810707,-0.733312,0.456287,0.070845,-0.781189,0.000001,0.456286,1.000000,0.017758,0.079130,1.000000,10.813112,11.210914,20.813052,2.398741,0.041517,0.011592
8450,18,0.000232,-10.784945,-0.736234,0.317017,0.070242,-0.781616,0.000001,0.317016,1.000000,0.014988,0.080428,1.000000,30.932674,11.212032,20.736651,2.443274,0.034204,0.009907
8500,18,0.000231,-6.765406,-0.737814,0.291777,0.070110,-0.784068,0.000001,0.291776,1.000000,0.017882,0.079484,1.000000,59.519852,11.213065,20.660422,2.424875,0.037330,0.012898
8550,19,0.000230,-8.401020,-0.727669,0.412197,0.071280,-0.776308,0.000001,0.412196,1.000000,0.017780,0.079399,1.000000,64.686780,11.210048,20.591645,2.391874,0.043333,0.011738
8600,19,0.000229,-10.244179,-0.732763,0.359618,0.070454,-0.779735,0.000001,0.359617,1.000000,0.015559,0.078285,1.000000,76.355941,11.210910,20.515730,2.389779,0.039149,0.011427
8650,19,0.000228,-10.141756,-0.737052,0.421090,0.070381,-0.784406,0.000001,0.421090,1.000000,0.017319,0.079359,1.000000,79.726690,11.212044,20.439329,2.365084,0.040546,0.012321
8700,19,0.000227,-9.428376,-0.731120,0.701930,0.070803,-0.778923,0.000001,0.701929,1.000000,0.016896,0.078206,1.000000,125.298551,11.213177,20.362948,2.401319,0.041340,0.012430
8750,19,0.000226,-10.654945,-0.728232,0.249812,0.070452,-0.774403,0.000001,0.249812,1.000000,0.017166,0.081785,1.000000,89.473744,11.214259,20.286672,2.401653,0.036484,0.011956
8800,19,0.000225,-10.798709,-0.739684,0.308323,0.069671,-0.785164,0.000001,0.308322,1.000000,0.018059,0.080102,1.000000,73.604007,11.215368,20.210364,2.441890,0.035482,0.012687
8850,19,0.000224,-10.757004,-0.729649,0.360392,0.071265,-0.778689,0.000000,0.360391,1.000000,0.015905,0.077887,1.000000,59.890049,11.216462,20.134097,2.390627,0.044692,0.012100
8900,19,0.000223,-10.752288,-0.726735,0.460933,0.072487,-0.780013,0.000000,0.460932,1.000000,0.017291,0.078640,1.000000,92.512106,11.217551,20.057854,2.391578,0.056782,0.009948
8950,19,0.000222,-10.758935,-0.716391,0.463577,0.072020,-0.765816,0.000001,0.463577,1.000000,0.017649,0.080172,1.000000,48.824595,11.218537,19.981809,2.359528,0.044718,0.011772
9000,20,0.000221,-10.879272,-0.727744,0.364235,0.070808,-0.775305,0.000001,0.364234,1.000000,0.016028,0.078348,1.000000,46.577053,11.215697,19.912569,2.380823,0.040524,0.010662
9050,20,0.000220,-10.828664,-0.729938,0.405358,0.071072,-0.778861,0.000001,0.405357,1.000000,0.019043,0.078539,1.000000,69.073828,11.206910,19.853822,2.361079,0.044623,0.012090
9100,20,0.000219,-10.660408,-0.727754,0.495392,0.071392,-0.776607,0.000001,0.495391,1.000000,0.016563,0.079567,1.000000,95.140987,11.207962,19.777608,2.385045,0.043857,0.012311
9150,20,0.000218,-10.823968,-0.732949,0.495867,0.071625,-0.782811,0.000001,0.495867,1.000000,0.016326,0.079382,1.000000,24.065119,11.209012,19.701409,2.401978,0.046831,0.009808
9200,20,0.000217,-10.263439,-0.729030,0.441304,0.070986,-0.775522,0.000001,0.441303,1.000000,0.016564,0.079030,1.000000,80.415931,11.210060,19.625229,2.373381,0.036662,0.011377
9250,20,0.000216,-10.523754,-0.730535,0.697339,0.071119,-0.779337,0.000001,0.697339,1.000000,0.017395,0.079845,1.000000,66.297049,11.211105,19.549070,2.400802,0.044141,0.011548
9300,20,0.000215,-10.839648,-0.734212,0.375160,0.070557,-0.782123,0.000001,0.375159,1.000000,0.016073,0.080546,1.000000,44.334183,11.212095,19.473019,2.414613,0.042106,0.010477
9350,20,0.000214,-10.915294,-0.735124,0.376654,0.070915,-0.783712,0.000001,0.376654,1.000000,0.018082,0.078629,1.000000,17.301285,11.213075,19.396998,2.401337,0.043766,0.012115
9400,20,0.000213,-10.277424,-0.736194,0.283339,0.070470,-0.783885,0.000001,0.283338,1.000000,0.016404,0.079643,1.000000,72.274217,11.213843,19.321358,2.450343,0.041520,0.011633
9450,21,0.000212,-9.178440,-0.736756,0.435078,0.070295,-0.783673,0.000001,0.435077,1.000000,0.017672,0.080981,1.000000,80.679148,11.211062,19.251819,2.405822,0.039231,0.012301
9500,21,0.000211,-10.515537,-0.729113,0.263466,0.071711,-0.780382,0.000001,0.263465,1.000000,0.015808,0.078638,1.000000,56.895570,11.212049,19.175799,2.377371,0.051378,0.010529
9550,21,0.000210,-10.741160,-0.722562,0.405405,0.071319,-0.769396,0.000001,0.405404,1.000000,0.015140,0.081976,1.000000,48.652183,11.212962,19.099918,2.435283,0.037247,0.010909
9600,21,0.000209,-9.675283,-0.729915,0.480441,0.071204,-0.778454,0.000001,0.480440,1.000000,0.017992,0.080084,1.000000,26.605913,11.213864,19.024070,2.443189,0.043125,0.012305
9650,21,0.000208,-8.937321,-0.735546,0.227409,0.070756,-0.782845,0.000001,0.227408,1.000000,0.017601,0.078794,1.000000,45.259146,11.214822,18.948138,2.422087,0.039738,0.012581
9700,21,0.000207,-10.632839,-0.718931,0.599066,0.072157,-0.768639,0.000001,0.599065,1.000000,0.015189,0.080038,1.000000,101.996642,11.215734,18.872298,2.373636,0.045430,0.010105
9750,21,0.000206,-10.775190,-0.743486,0.614917,0.070163,-0.791676,0.000001,0.614916,1.000000,0.017555,0.079600,1.000000,36.659342,11.216680,18.796411,2.430701,0.043694,0.011285
9800,21,0.000205,-11.020033,-0.741618,0.205523,0.070266,-0.788919,0.000001,0.205522,1.000000,0.017732,0.080673,1.000000,37.628222,11.217625,18.720540,2.438871,0.040560,0.012373
9850,21,0.000203,-10.958807,-0.737434,0.479149,0.070652,-0.785876,0.000001,0.479148,1.000000,0.016913,0.079602,1.000000,38.458338,11.218422,18.644928,2.435556,0.043719,0.012180
9900,22,0.000202,-10.932336,-0.745799,0.440086,0.070242,-0.793706,0.000001,0.440085,1.000000,0.017302,0.079048,1.000000,28.664476,11.215503,18.575478,2.428734,0.042620,0.012440
9950,22,0.000201,-10.321233,-0.737245,0.448259,0.070293,-0.783723,0.000001,0.448258,1.000000,0.017644,0.078788,1.000000,76.985430,11.216431,18.499646,2.430537,0.037773,0.012570
10000,22,0.000200,-10.262635,-0.743073,0.325110,0.069811,-0.789637,0.000001,0.325109,1.000000,0.017147,0.080225,1.000000,95.138460,11.217328,18.423876,2.411081,0.038862,0.010541
10050,22,0.000199,-10.323938,-0.723859,0.251418,0.071569,-0.772706,0.000001,0.251417,1.000000,0.017407,0.079739,1.000000,57.001537,11.206174,18.367851,2.389230,0.043542,0.012689
10100,22,0.000198,-9.001618,-0.735035,0.534496,0.071177,-0.784330,0.000001,0.534495,1.000000,0.016741,0.078503,1.000000,80.352944,11.207084,18.292001,2.397981,0.045689,0.011631
10150,22,0.000197,-10.724993,-0.734205,0.223701,0.070943,-0.781903,0.000001,0.223700,1.000000,0.018243,0.078511,1.000000,85.205656,11.208047,18.216078,2.419835,0.040755,0.012528
10200,22,0.000196,-10.873587,-0.723072,0.584846,0.071606,-0.772954,0.000001,0.584845,1.000000,0.015996,0.079729,1.000000,377.335456,11.208878,18.140383,2.391668,0.046931,0.011589
10250,22,0.000195,-10.971936,-0.732862,0.429676,0.071000,-0.782367,0.000000,0.429675,1.000000,0.017024,0.079460,1.000000,42.275705,11.209765,18.064607,2.404257,0.046681,0.014146
10300,22,0.000194,-11.020055,-0.725430,0.366799,0.071503,-0.773637,0.000001,0.366798,1.000000,0.016982,0.079781,1.000000,23.065520,11.210589,17.988945,2.368853,0.041518,0.012671
10350,23,0.000193,-11.030570,-0.730396,0.278022,0.071421,-0.779891,0.000001,0.278021,1.000000,0.017146,0.080557,1.000000,28.652053,11.207716,17.919202,2.438036,0.045952,0.013208
10400,23,0.000191,-10.990580,-0.738291,0.371012,0.070894,-0.787153,0.000001,0.371012,1.000000,0.016681,0.078898,1.000000,46.888736,11.208681,17.843312,2.418335,0.044717,0.012607
10450,23,0.000190,-10.958207,-0.736640,0.411041,0.070981,-0.786566,0.000001,0.411041,1.000000,0.017197,0.078707,1.000000,32.846644,11.209620,17.767477,2.397202,0.048115,0.011190
10500,23,0.000189,-10.946329,-0.728711,0.515600,0.071722,-0.778137,0.000001,0.515599,1.000000,0.017754,0.079563,1.000000,65.022472,11.210554,17.691662,2.368335,0.045215,0.012372
10550,23,0.000188,-10.893137,-0.739737,0.475007,0.070403,-0.787001,0.000001,0.475007,1.000000,0.016412,0.080554,1.000000,47.720729,11.211416,17.615973,2.432662,0.040208,0.010759
10600,23,0.000187,-10.865868,-0.726467,0.377603,0.071136,-0.773949,0.000001,0.377602,1.000000,0.016747,0.081540,1.000000,71.600221,11.212350,17.540183,2.437968,0.039715,0.011566
10650,23,0.000186,-9.584619,-0.735167,0.475268,0.070173,-0.780735,0.000001,0.475267,1.000000,0.016423,0.079132,1.000000,83.426920,11.213279,17.464413,2.447309,0.034940,0.010083
10700,23,0.000185,-9.950745,-0.735095,0.395346,0.070150,-0.781643,0.000001,0.395345,1.000000,0.015708,0.079444,1.000000,185.528975,11.214188,17.388686,2.365084,0.038242,0.010149
10750,23,0.000184,-11.065261,-0.730708,0.355883,0.071284,-0.779939,0.000001,0.355882,1.000000,0.016976,0.079077,1.000000,46.347564,11.214942,17.313212,2.418868,0.045295,0.010984
10800,24,0.000183,-11.057536,-0.737100,0.349068,0.070141,-0.783931,0.000001,0.349067,1.000000,0.017468,0.080322,1.000000,29.681512,11.212454,17.242732,2.449214,0.039199,0.011932
10850,24,0.000181,-10.905769,-0.723199,0.447561,0.072492,-0.775018,0.000001,0.447560,1.000000,0.016884,0.079056,1.000000,44.466061,11.213368,17.167011,2.393034,0.051911,0.012572
10900,24,0.000180,-10.996270,-0.729423,0.316612,0.071113,-0.777934,0.000001,0.316612,1.000000,0.016609,0.079608,1.000000,57.064832,11.214287,17.091293,2.413703,0.043182,0.012966
10950,24,0.000179,-10.888357,-0.738092,0.401932,0.070437,-0.785447,0.000001,0.401932,1.000000,0.017438,0.079101,1.000000,32.704893,11.215183,17.015623,2.428535,0.040455,0.012979
11000,24,0.000178,-11.019085,-0.737138,0.349275,0.070704,-0.784925,0.000001,0.349274,1.000000,0.017140,0.079698,1.000000,49.672000,11.216067,16.939984,2.418111,0.041449,0.011204
11050,24,0.000177,-10.897842,-0.731552,0.216989,0.071201,-0.780818,0.000001,0.216989,1.000000,0.017205,0.078510,1.000000,68.794539,11.212357,16.871267,2.395771,0.045553,0.012065
11100,24,0.000176,-11.096322,-0.748146,0.365035,0.069838,-0.794887,0.000001,0.365035,1.000000,0.018129,0.078976,1.000000,43.438024,11.213257,16.795595,2.417511,0.039406,0.011982
11150,24,0.000175,-11.077397,-0.738155,0.363184,0.070838,-0.786710,0.000001,0.363183,1.000000,0.016986,0.079669,1.000000,59.028772,11.214139,16.719965,2.402835,0.043789,0.011479
11200,24,0.000173,-11.034331,-0.731116,0.580676,0.071109,-0.778412,0.000001,0.580675,1.000000,0.016910,0.079349,1.000000,39.546088,11.214932,16.644476,2.397327,0.039138,0.011542
11250,25,0.000172,-11.064147,-0.727585,0.376368,0.070777,-0.775194,0.000001,0.376367,1.000000,0.017820,0.079847,1.000000,46.423586,11.212709,16.573455,2.412223,0.040734,0.012229
11300,25,0.000171,-11.098296,-0.725321,0.426779,0.070854,-0.772529,0.000001,0.426778,1.000000,0.017019,0.081252,1.000000,25.603877,11.213581,16.497852,2.414743,0.039272,0.010205
11350,25,0.000170,-11.047986,-0.749691,0.372585,0.069390,-0.795422,0.000001,0.372584,1.000000,0.017532,0.079399,1.000000,81.250659,11.214451,16.422264,2.438765,0.036787,0.012490
11400,25,0.000169,-10.597490,-0.735779,0.402904,0.070535,-0.783228,0.000001,0.402904,1.000000,0.017272,0.078967,1.000000,54.642311,11.215304,16.346712,2.406488,0.040605,0.011869
11450,25,0.000168,-10.602104,-0.726021,0.235820,0.071525,-0.776245,0.000001,0.235819,1.000000,0.017041,0.079405,1.000000,93.723725,11.216148,16.271183,2.400940,0.048204,0.011912
11500,25,0.000167,-9.907124,-0.739009,0.437512,0.070946,-0.788612,0.000001,0.437511,1.000000,0.018450,0.078219,1.000000,219.515968,11.216921,16.195770,2.393872,0.047099,0.012131
11550,25,0.000165,-10.093337,-0.723270,0.287702,0.072135,-0.773577,0.000001,0.287701,1.000000,0.016721,0.079878,1.000000,136.106618,11.217751,16.120284,2.401022,0.047465,0.012301
11600,25,0.000164,-10.251306,-0.733426,0.300745,0.071209,-0.781900,0.000001,0.300744,1.000000,0.017153,0.079444,1.000000,83.398920,11.218571,16.044825,2.382962,0.042898,0.010955
11650,26,0.000163,-10.933736,-0.733580,0.546045,0.071278,-0.781360,0.000001,0.546044,1.000000,0.015964,0.078630,1.000000,138.971332,11.216295,15.973784,2.401688,0.040470,0.011135
11700,26,0.000162,-11.186926,-0.743115,0.223680,0.069711,-0.788706,0.000001,0.223679,1.000000,0.017043,0.079639,1.000000,74.297739,11.217116,15.898323,2.433771,0.035784,0.011392
11750,26,0.000161,-11.169739,-0.741375,0.359669,0.070852,-0.790598,0.000001,0.359669,1.000000,0.016968,0.078816,1.000000,39.813355,11.217928,15.822887,2.416449,0.045988,0.011890
11800,26,0.000160,-11.000779,-0.726816,0.560731,0.071625,-0.775689,0.000001,0.560730,1.000000,0.016804,0.081012,1.000000,65.468869,11.218733,15.747471,2.421371,0.043537,0.012025
11850,26,0.000159,-10.315600,-0.738035,0.317845,0.070886,-0.786473,0.000001,0.317845,1.000000,0.017936,0.079576,1.000000,111.703467,11.219373,15.672296,2.426818,0.043319,0.013431
11900,26,0.000157,-10.050129,-0.739295,0.331727,0.070245,-0.786145,0.000001,0.331726,1.000000,0.017664,0.079379,1.000000,296.273723,11.220158,15.596928,2.378754,0.039089,0.011603
11950,26,0.000156,-10.971645,-0.723116,0.440447,0.071390,-0.771557,0.000001,0.440447,1.000000,0.016427,0.079645,1.000000,444.034786,11.220942,15.521573,2.414673,0.042484,0.011377
12000,26,0.000155,-10.926533,-0.723096,0.517126,0.071269,-0.772410,0.000000,0.517125,1.000000,0.015332,0.078033,1.000000,383.320621,11.221717,15.446240,2.383408,0.045600,0.008772
12050,26,0.000154,-10.769307,-0.733803,0.451778,0.070632,-0.781871,0.000000,0.451778,1.000000,0.017186,0.078502,1.000000,333.887642,11.218372,15.376562,2.382369,0.042508,0.010494
12100,27,0.000153,-11.078390,-0.725324,0.301526,0.071767,-0.775146,0.000000,0.301525,1.000000,0.017402,0.079748,1.000000,245.167960,11.215856,15.305712,2.357326,0.046460,0.012299
12150,27,0.000152,-10.825828,-0.717654,0.610909,0.072654,-0.768982,0.000000,0.610908,1.000000,0.017748,0.080726,1.000000,256.012582,11.216614,15.230384,2.377600,0.050003,0.011790
12200,27,0.000151,-10.880974,-0.735337,0.494113,0.070442,-0.782728,0.000000,0.494113,1.000000,0.017688,0.079848,1.000000,406.068606,11.217371,15.155067,2.475051,0.040565,0.011759
12250,27,0.000149,-10.972748,-0.724630,0.318496,0.071156,-0.772988,0.000000,0.318496,1.000000,0.015823,0.080217,1.000000,238.037232,11.218127,15.079761,2.432014,0.042602,0.010837
12300,27,0.000148,-10.815564,-0.737106,0.389771,0.070533,-0.785883,0.000000,0.389770,1.000000,0.015978,0.079068,1.000000,282.507508,11.218876,15.004474,2.417069,0.045036,0.010903
12350,27,0.000147,-10.792256,-0.729667,0.303397,0.070672,-0.776807,0.000000,0.303397,1.000000,0.017476,0.079190,1.000000,500.417279,11.219618,14.929207,2.334226,0.039346,0.011754
12400,27,0.000146,-10.808657,-0.709332,0.286235,0.071917,-0.757409,0.000000,0.286235,1.000000,0.016736,0.078422,1.000000,635.301791,11.220345,14.853969,2.342876,0.040395,0.011265
12450,27,0.000145,-10.991849,-0.728749,0.266184,0.071817,-0.779478,0.000000,0.266184,1.000000,0.016840,0.079626,1.000000,293.827512,11.220977,14.778868,2.380697,0.049401,0.012079
12500,27,0.000144,-10.823642,-0.730946,0.552939,0.070313,-0.776967,0.000000,0.552939,1.000000,0.015851,0.077976,1.000000,342.182137,11.221702,14.703652,2.360364,0.036215,0.009712
12550,28,0.000142,-10.820288,-0.728509,0.372449,0.070640,-0.775844,0.000000,0.372449,1.000000,0.015769,0.078628,1.000000,191.697677,11.219619,14.632107,2.422800,0.040047,0.009659
12600,28,0.000141,-10.533951,-0.719914,0.369519,0.071264,-0.767025,0.000000,0.369519,1.000000,0.016481,0.078530,1.000000,377.816420,11.220378,14.556848,2.366933,0.038262,0.009092
12650,28,0.000140,-10.334757,-0.711738,0.508336,0.072116,-0.761036,0.000000,0.508336,1.000000,0.016670,0.079876,1.000000,256.868127,11.221010,14.481762,2.371323,0.044135,0.011044
12700,28,0.000139,-10.551028,-0.729492,0.617741,0.070517,-0.776098,0.000000,0.617741,1.000000,0.015464,0.079048,1.000000,245.121539,11.221709,14.406599,2.391314,0.037825,0.010795
12750,28,0.000138,-10.708543,-0.733160,0.341250,0.070478,-0.780461,0.000000,0.341250,1.000000,0.017410,0.078042,1.000000,258.037052,11.222454,14.331387,2.360871,0.040206,0.010635
12800,28,0.000137,-10.740306,-0.738619,0.501740,0.069939,-0.786145,0.000000,0.501740,1.000000,0.016428,0.077865,1.000000,230.850658,11.223169,14.256223,2.413507,0.041854,0.010051
12850,28,0.000136,-10.744313,-0.719771,0.389152,0.071847,-0.770135,0.000000,0.389152,1.000000,0.017981,0.078880,1.000000,314.916017,11.223872,14.181083,2.383910,0.048135,0.011031
12900,28,0.000134,-10.678428,-0.718158,0.515534,0.072250,-0.769283,0.000000,0.515534,1.000000,0.016328,0.077956,1.000000,226.102530,11.224575,14.105954,2.363697,0.049999,0.010422
12950,28,0.000133,-10.832161,-0.726586,0.239574,0.071100,-0.774744,0.000000,0.239574,1.000000,0.016825,0.078902,1.000000,300.057494,11.225288,14.030821,2.420546,0.042027,0.010425
13000,29,0.000132,-10.398681,-0.729474,0.329612,0.070403,-0.776143,0.000000,0.329612,1.000000,0.016063,0.080205,1.000000,259.747284,11.223040,13.959379,2.427354,0.038226,0.010410
13050,29,0.000131,-10.546006,-0.737763,0.312033,0.069808,-0.783607,0.000000,0.312033,1.000000,0.016169,0.077016,1.000000,229.600806,11.219960,13.888939,2.396853,0.036465,0.010820
13100,29,0.000130,-10.961096,-0.714284,0.481464,0.072160,-0.764534,0.000000,0.481464,1.000000,0.017444,0.079697,1.000000,238.854055,11.220671,13.813790,2.433392,0.047233,0.011385
13150,29,0.000129,-10.860311,-0.721522,0.565029,0.071469,-0.769400,0.000000,0.565028,1.000000,0.016793,0.078102,1.000000,291.961158,11.221357,13.738683,2.346427,0.040480,0.012450
13200,29,0.000128,-10.988516,-0.720030,0.340025,0.071576,-0.770348,0.000000,0.340025,1.000000,0.016517,0.078359,1.000000,217.072703,11.222032,13.663598,2.377979,0.048432,0.011530
13250,29,0.000126,-10.824892,-0.722122,0.450791,0.071127,-0.769358,0.000000,0.450791,1.000000,0.015873,0.079007,1.000000,191.172290,11.222724,13.588501,2.375997,0.038907,0.011001
13300,29,0.000125,-10.441514,-0.718440,0.322003,0.071976,-0.767667,0.000000,0.322002,1.000000,0.016083,0.080079,1.000000,146.829447,11.223388,13.513447,2.422942,0.044128,0.010295
13350,29,0.000124,-10.862552,-0.729453,0.469102,0.071120,-0.778340,0.000000,0.469102,1.000000,0.016666,0.078892,1.000000,273.128674,11.224064,13.438389,2.385382,0.044425,0.011462
13400,29,0.000123,-10.666248,-0.737020,0.340221,0.070315,-0.784301,0.000000,0.340221,1.000000,0.016051,0.078281,1.000000,279.291067,11.224662,13.363431,2.434965,0.040412,0.010538
13450,30,0.000122,-10.816417,-0.733935,0.311113,0.070684,-0.782970,0.000000,0.311112,1.000000,0.016089,0.078414,1.000000,240.651671,11.222327,13.291956,2.392722,0.045644,0.012189
13500,30,0.000121,-10.856119,-0.722512,0.424343,0.071746,-0.772709,0.000001,0.424342,1.000000,0.016992,0.079320,1.000000,217.909096,11.222919,13.217002,2.354293,0.047747,0.011509
13550,30,0.000120,-10.453689,-0.726097,0.327117,0.070579,-0.772682,0.000001,0.327116,1.000000,0.016124,0.079050,1.000000,283.181232,11.223600,13.141951,2.380976,0.037653,0.011064
13600,30,0.000119,-10.862192,-0.718986,0.580101,0.071271,-0.766220,0.000001,0.580100,1.000000,0.017129,0.079921,1.000000,319.242975,11.224270,13.066922,2.411611,0.038661,0.011783
13650,30,0.000117,-10.757187,-0.732514,0.388467,0.071242,-0.782118,0.000001,0.388466,1.000000,0.017137,0.078710,1.000000,536.389289,11.224932,12.991913,2.381282,0.046611,0.012168
13700,30,0.000116,-10.508764,-0.726087,0.551323,0.071100,-0.774862,0.000001,0.551322,1.000000,0.015640,0.079999,1.000000,189.118676,11.225593,12.916913,2.382020,0.044082,0.011646
13750,30,0.000115,-10.972177,-0.725060,0.362637,0.071242,-0.772228,0.000001,0.362636,1.000000,0.016954,0.079845,1.000000,220.631763,11.226245,12.841931,2.360873,0.038489,0.011700
13800,30,0.000114,-10.518890,-0.723786,0.270114,0.071560,-0.773959,0.000001,0.270114,1.000000,0.015796,0.079092,1.000000,190.329315,11.226893,12.766964,2.384008,0.047977,0.011290
13850,30,0.000113,-10.896649,-0.733749,0.336977,0.070296,-0.780071,0.000001,0.336977,1.000000,0.016996,0.076554,1.000000,313.929545,11.227536,12.692010,2.316343,0.037249,0.010831
13900,31,0.000112,-9.660654,-0.743387,0.327786,0.070398,-0.791856,0.000000,0.327785,1.000000,0.017944,0.078184,1.000000,242.356888,11.225633,12.619926,2.393065,0.044233,0.013163
13950,31,0.000111,-10.892698,-0.743813,0.355391,0.069586,-0.789811,0.000001,0.355390,1.000000,0.017140,0.076920,1.000000,386.814756,11.226255,12.544997,2.419804,0.037350,0.013783
14000,31,0.000110,-9.827832,-0.724706,0.410458,0.071733,-0.774040,0.000000,0.410457,1.000000,0.016768,0.078635,1.000000,304.593160,11.226902,12.470047,2.408630,0.044891,0.012858
14050,31,0.000109,-10.468235,-0.721236,0.356209,0.072305,-0.773276,0.000000,0.356209,1.000000,0.016063,0.079909,1.000000,340.604734,11.224029,12.398994,2.391215,0.052959,0.010771
14100,31,0.000107,-11.001637,-0.738333,0.591610,0.070104,-0.784866,0.000000,0.591610,1.000000,0.017400,0.080010,1.000000,334.495584,11.224672,12.324042,2.407212,0.038268,0.011295
14150,31,0.000106,-10.984584,-0.721878,0.527335,0.071476,-0.770386,0.000001,0.527334,1.000000,0.015947,0.080234,1.000000,677.343331,11.225301,12.249115,2.435304,0.042567,0.012288
14200,31,0.000105,-10.822717,-0.731669,0.286030,0.071361,-0.781282,0.000001,0.286029,1.000000,0.016797,0.078231,1.000000,142.809541,11.225931,12.174194,2.362800,0.046439,0.010482
14250,31,0.000104,-10.920479,-0.728199,0.474382,0.071121,-0.775342,0.000000,0.474382,1.000000,0.017469,0.079706,1.000000,414.394305,11.226561,12.099283,2.400609,0.038612,0.010557
14300,31,0.000103,-10.827499,-0.714607,0.417751,0.071433,-0.762219,0.000000,0.417750,1.000000,0.015868,0.079823,1.000000,202.390806,11.227064,12.024515,2.382613,0.039653,0.009687
14350,32,0.000102,-10.423013,-0.731605,0.258327,0.070487,-0.779227,0.000000,0.258326,1.000000,0.016339,0.078488,1.000000,273.023280,11.224901,11.952592,2.403519,0.041263,0.008967
14400,32,0.000101,-10.801049,-0.718614,0.459128,0.071846,-0.767000,0.000001,0.459127,1.000000,0.017832,0.078858,1.000000,126.891233,11.225498,11.877721,2.337167,0.041543,0.010758
14450,32,0.000100,-11.092603,-0.726688,0.221070,0.071237,-0.776391,0.000001,0.221070,1.000000,0.016537,0.078321,1.000000,193.407686,11.226119,11.802832,2.372439,0.046950,0.010157
14500,32,0.000099,-11.091817,-0.729688,0.497808,0.071149,-0.778504,0.000001,0.497808,1.000000,0.016508,0.078220,1.000000,150.147405,11.226736,11.727956,2.379007,0.044139,0.010706
14550,32,0.000098,-11.146542,-0.725238,0.499408,0.071010,-0.772899,0.000001,0.499408,1.000000,0.016133,0.077673,1.000000,238.349803,11.227333,11.653109,2.392336,0.040521,0.010834
14600,32,0.000097,-10.132081,-0.728690,0.554301,0.070719,-0.775668,0.000001,0.554300,1.000000,0.016750,0.078249,1.000000,323.434915,11.227929,11.578271,2.373696,0.038730,0.010604
14650,32,0.000095,-10.745029,-0.735649,0.409368,0.070522,-0.782588,0.000000,0.409368,1.000000,0.016388,0.079932,1.000000,105.681307,11.228528,11.503437,2.390208,0.038928,0.009929
14700,32,0.000094,-10.568006,-0.728942,0.345614,0.071335,-0.777779,0.000001,0.345613,1.000000,0.017036,0.079475,1.000000,118.731426,11.229122,11.428617,2.400089,0.043898,0.010845
14750,32,0.000093,-11.076104,-0.723153,0.222118,0.071649,-0.773448,0.000001,0.222117,1.000000,0.015182,0.078617,1.000000,130.952370,11.229707,11.353814,2.371329,0.048235,0.009327
14800,33,0.000092,-11.149109,-0.732451,0.364847,0.070647,-0.780886,0.000001,0.364846,1.000000,0.017286,0.078911,1.000000,85.071732,11.227825,11.281496,2.378460,0.043704,0.011207
14850,33,0.000091,-11.139072,-0.734692,0.455232,0.070226,-0.781256,0.000001,0.455231,1.000000,0.017164,0.078696,1.000000,110.247488,11.228429,11.206673,2.359296,0.038173,0.011525
14900,33,0.000090,-10.937862,-0.735402,0.373747,0.071290,-0.785788,0.000000,0.373746,1.000000,0.017953,0.078062,1.000000,197.211400,11.229034,11.131857,2.353119,0.049137,0.012151
14950,33,0.000089,-11.230404,-0.732211,0.324850,0.070482,-0.779597,0.000001,0.324849,1.000000,0.016641,0.079865,1.000000,111.913173,11.229622,11.057066,2.416121,0.040484,0.011035
15000,33,0.000088,-11.188758,-0.731782,0.518251,0.070879,-0.780407,0.000001,0.518251,1.000000,0.016135,0.081196,1.000000,264.904929,11.230201,10.982291,2.449255,0.043952,0.011390
15050,33,0.000087,-11.169109,-0.724542,0.344327,0.071412,-0.772259,0.000001,0.344327,1.000000,0.017280,0.079666,1.000000,124.560524,11.225177,10.912968,2.384094,0.040037,0.011981
15100,33,0.000086,-11.230788,-0.723531,0.331792,0.071863,-0.773665,0.000001,0.331791,1.000000,0.017303,0.080224,1.000000,129.409042,11.225668,10.838256,2.405209,0.047342,0.011810
15150,33,0.000085,-10.156580,-0.738584,0.316008,0.070227,-0.784681,0.000000,0.316008,1.000000,0.017535,0.078863,1.000000,185.851685,11.226246,10.763467,2.393594,0.036611,0.012596
15200,33,0.000084,-10.625049,-0.733190,0.394244,0.070722,-0.780444,0.000000,0.394243,1.000000,0.017164,0.078745,1.000000,155.750127,11.226819,10.688691,2.425047,0.039643,0.011406
15250,34,0.000083,-11.059357,-0.725168,0.441286,0.071858,-0.775072,0.000000,0.441286,1.000000,0.017681,0.078595,1.000000,209.269067,11.224873,10.616305,2.390051,0.046583,0.011342
15300,34,0.000082,-10.155110,-0.726243,0.310477,0.071355,-0.774436,0.000000,0.310476,1.000000,0.016803,0.079295,1.000000,530.646826,11.225450,10.541523,2.404027,0.041721,0.011442
15350,34,0.000081,-10.751079,-0.734041,0.459073,0.070358,-0.780740,0.000000,0.459073,1.000000,0.016215,0.079679,1.000000,271.670018,11.225953,10.466817,2.390509,0.038399,0.011697
15400,34,0.000080,-10.757339,-0.727713,0.325879,0.071320,-0.776075,0.000000,0.325879,1.000000,0.016942,0.079195,1.000000,328.570749,11.226524,10.392056,2.403653,0.042340,0.011530
15450,34,0.000079,-11.054542,-0.729692,0.490089,0.071502,-0.779969,0.000000,0.490088,1.000000,0.016140,0.078932,1.000000,227.901134,11.227094,10.317303,2.341517,0.048421,0.010813
15500,34,0.000078,-11.044735,-0.728963,0.478078,0.071125,-0.777698,0.000000,0.478078,1.000000,0.015574,0.078784,1.000000,415.652357,11.227659,10.242562,2.418785,0.043905,0.010349
15550,34,0.000077,-10.958022,-0.728022,0.440843,0.071371,-0.777585,0.000000,0.440843,1.000000,0.016837,0.079391,1.000000,228.318637,11.228217,10.167836,2.401968,0.046256,0.011279
15600,34,0.000076,-11.031251,-0.741500,0.337554,0.070166,-0.788288,0.000000,0.337554,1.000000,0.017677,0.078027,1.000000,103.756062,11.228781,10.093111,2.386111,0.039019,0.012382
15650,34,0.000075,-11.175718,-0.729233,0.340168,0.071335,-0.778264,0.000000,0.340168,1.000000,0.017678,0.078564,1.000000,159.267949,11.229344,10.018395,2.398918,0.044546,0.011731
15700,35,0.000074,-10.954530,-0.738529,0.256584,0.070518,-0.786698,0.000000,0.256583,1.000000,0.017012,0.078992,1.000000,261.112837,11.227201,9.946082,2.415478,0.043035,0.011530
15750,35,0.000073,-10.750116,-0.733348,0.288222,0.071085,-0.780829,0.000000,0.288222,1.000000,0.015822,0.078893,1.000000,168.911627,11.227760,9.871366,2.390098,0.039795,0.011945
15800,35,0.000072,-11.148034,-0.738928,0.357184,0.070258,-0.785813,0.000000,0.357184,1.000000,0.015675,0.080477,1.000000,214.263290,11.228319,9.796658,2.407798,0.039186,0.011210
15850,35,0.000071,-10.942522,-0.735252,0.626856,0.070417,-0.782137,0.000000,0.626856,1.000000,0.015485,0.077778,1.000000,143.435500,11.228877,9.721958,2.412107,0.038923,0.010658
15900,35,0.000070,-11.093896,-0.723502,0.290879,0.072480,-0.776210,0.000000,0.290879,1.000000,0.017661,0.079241,1.000000,161.410521,11.229350,9.647338,2.386506,0.054894,0.011614
15950,35,0.000069,-10.408763,-0.737040,0.320694,0.070451,-0.784175,0.000000,0.320694,1.000000,0.017803,0.079362,1.000000,157.990192,11.229829,9.572719,2.438597,0.039699,0.012595
16000,35,0.000068,-10.797936,-0.731869,0.481575,0.070352,-0.777991,0.000000,0.481574,1.000000,0.016669,0.079975,1.000000,212.599561,11.230368,9.498056,2.409700,0.036485,0.011328
16050,35,0.000067,-11.114201,-0.729902,0.265839,0.071102,-0.778809,0.000000,0.265839,1.000000,0.017310,0.079105,1.000000,104.680253,11.225639,9.427822,2.407744,0.044521,0.011927
16100,35,0.000066,-11.049445,-0.725970,0.378984,0.071408,-0.775134,0.000000,0.378984,1.000000,0.017913,0.080478,1.000000,109.964924,11.226192,9.353127,2.428224,0.044869,0.011888
16150,36,0.000065,-11.153498,-0.731815,0.434064,0.070891,-0.779908,0.000000,0.434064,1.000000,0.017476,0.078615,1.000000,171.591560,11.224578,9.280230,2.415798,0.042156,0.012074
16200,36,0.000064,-11.172712,-0.733413,0.266272,0.070558,-0.781254,0.000000,0.266271,1.000000,0.017498,0.079363,1.000000,94.881401,11.225147,9.205522,2.405594,0.041876,0.011425
16250,36,0.000063,-10.852179,-0.741276,0.347774,0.070638,-0.789593,0.000000,0.347774,1.000000,0.017262,0.077202,1.000000,168.723888,11.225712,9.130824,2.433348,0.043325,0.011567
16300,36,0.000062,-11.175849,-0.731974,0.342852,0.070326,-0.777956,0.000000,0.342852,1.000000,0.017664,0.080139,1.000000,73.868926,11.226218,9.056182,2.404504,0.036062,0.011711
16350,36,0.000061,-11.146515,-0.725350,0.364763,0.072021,-0.775646,0.000000,0.364762,1.000000,0.017189,0.079396,1.000000,117.424566,11.226786,8.981496,2.404302,0.047619,0.011332
16400,36,0.000060,-10.965502,-0.727923,0.466899,0.071748,-0.776861,0.000000,0.466899,1.000000,0.017012,0.078474,1.000000,92.015656,11.227341,8.906829,2.354755,0.043547,0.011622
16450,36,0.000060,-10.989316,-0.730609,0.162606,0.070851,-0.778913,0.000000,0.162606,1.000000,0.017258,0.078700,1.000000,138.022076,11.227892,8.832172,2.407172,0.042929,0.011455
16500,36,0.000059,-11.005036,-0.729331,0.512226,0.071492,-0.778957,0.000000,0.512226,1.000000,0.018096,0.078993,1.000000,95.682676,11.228443,8.757522,2.393395,0.046265,0.012865
16550,36,0.000058,-10.759973,-0.735426,0.566176,0.070498,-0.782881,0.000000,0.566176,1.000000,0.017500,0.078922,1.000000,75.858466,11.228994,8.682880,2.399159,0.040687,0.011381
16600,37,0.000057,-11.006818,-0.739320,0.414987,0.070189,-0.786217,0.000000,0.414987,1.000000,0.016648,0.078652,1.000000,105.310781,11.226787,8.610359,2.423095,0.039344,0.011195
16650,37,0.000056,-11.088518,-0.732607,0.405481,0.070796,-0.780769,0.000000,0.405481,1.000000,0.016595,0.080620,1.000000,84.232336,11.227312,8.535732,2.484913,0.042549,0.011134
16700,37,0.000055,-10.966161,-0.733945,0.479366,0.070727,-0.781209,0.000000,0.479365,1.000000,0.016124,0.079100,1.000000,205.509981,11.227796,8.461144,2.437472,0.039667,0.010668
16750,37,0.000054,-11.228407,-0.726083,0.353176,0.071624,-0.775746,0.000000,0.353175,1.000000,0.017482,0.080350,1.000000,180.410504,11.228223,8.386605,2.414267,0.046167,0.011301
16800,37,0.000053,-11.074809,-0.731828,0.245217,0.070965,-0.779494,0.000000,0.245216,1.000000,0.017317,0.079843,1.000000,171.080928,11.228727,8.312014,2.413388,0.040612,0.012363
16850,37,0.000052,-10.981612,-0.739032,0.454585,0.070672,-0.787424,0.000000,0.454584,1.000000,0.016815,0.079065,1.000000,136.173821,11.229217,8.237440,2.432531,0.043521,0.011973
16900,37,0.000052,-11.245297,-0.734726,0.338489,0.071364,-0.784319,0.000000,0.338489,1.000000,0.017480,0.079335,1.000000,92.137562,11.229727,8.162858,2.413490,0.046370,0.012061
16950,37,0.000051,-11.169801,-0.739497,0.319430,0.070104,-0.785540,0.000000,0.319430,1.000000,0.016871,0.079237,1.000000,136.278597,11.230226,8.088290,2.423884,0.036639,0.011545
17000,37,0.000050,-11.040830,-0.718242,0.339880,0.072219,-0.768482,0.000000,0.339879,1.000000,0.016754,0.079967,1.000000,95.598248,11.230730,8.013727,2.424267,0.047103,0.010684
17050,38,0.000049,-10.947009,-0.740591,0.439778,0.070210,-0.788281,0.000000,0.439778,1.000000,0.017638,0.080403,1.000000,103.973600,11.226143,7.942769,2.398278,0.041951,0.011331
17100,38,0.000048,-11.191244,-0.729885,0.293761,0.071078,-0.778452,0.000000,0.293761,1.000000,0.017396,0.079754,1.000000,106.797226,11.226679,7.868163,2.406477,0.043428,0.011792
17150,38,0.000047,-11.078944,-0.735141,0.256826,0.070447,-0.782359,0.000001,0.256826,1.000000,0.016223,0.078937,1.000000,325.999677,11.227213,7.793564,2.435317,0.039981,0.010492
17200,38,0.000046,-11.258895,-0.730569,0.421401,0.070917,-0.777721,0.000001,0.421400,1.000000,0.017079,0.079947,1.000000,157.804104,11.227735,7.718981,2.435433,0.038980,0.011259
17250,38,0.000046,-11.276810,-0.726437,0.372906,0.071522,-0.775322,0.000001,0.372905,1.000000,0.017483,0.079552,1.000000,211.884450,11.228185,7.644453,2.395321,0.043745,0.011769
17300,38,0.000045,-11.230358,-0.722371,0.435376,0.071609,-0.770895,0.000001,0.435376,1.000000,0.018059,0.080137,1.000000,106.484285,11.228700,7.569888,2.417341,0.042399,0.012141
17350,38,0.000044,-11.314453,-0.745872,0.316366,0.069912,-0.793529,0.000001,0.316366,1.000000,0.016544,0.078970,1.000000,231.106129,11.229223,7.495324,2.448215,0.042334,0.011583
17400,38,0.000043,-11.283985,-0.732036,0.469400,0.071525,-0.782356,0.000001,0.469399,1.000000,0.017274,0.080231,1.000000,89.530460,11.229739,7.420772,2.449377,0.048528,0.012467
17450,38,0.000042,-11.101423,-0.741993,0.400174,0.070664,-0.789296,0.000001,0.400174,1.000000,0.017047,0.077572,1.000000,226.662764,11.230250,7.346230,2.404500,0.039902,0.012640
17500,39,0.000042,-11.291416,-0.734025,0.198074,0.071553,-0.784493,0.000001,0.198074,1.000000,0.016860,0.078906,1.000000,770.204467,11.228565,7.273117,2.426472,0.048969,0.012252
17550,39,0.000041,-11.263433,-0.736099,0.253223,0.070237,-0.781821,0.000001,0.253222,1.000000,0.016593,0.079299,1.000000,111.514498,11.228978,7.198637,2.399372,0.035346,0.011685
17600,39,0.000040,-11.051366,-0.753004,0.664368,0.069204,-0.798057,0.000001,0.664368,1.000000,0.016959,0.078049,1.000000,162.563087,11.229482,7.124104,2.391227,0.034840,0.012295
17650,39,0.000039,-11.237206,-0.735451,0.315584,0.070771,-0.783481,0.000001,0.315583,1.000000,0.018362,0.079928,1.000000,346.266961,11.229983,7.049580,2.428941,0.042147,0.013463
17700,39,0.000038,-11.126430,-0.728413,0.373471,0.071496,-0.777161,0.000001,0.373470,1.000000,0.017571,0.080289,1.000000,212.662649,11.230482,6.975064,2.426588,0.043332,0.013021
17750,39,0.000038,-11.235814,-0.731149,0.443298,0.071135,-0.779276,0.000001,0.443297,1.000000,0.017473,0.079589,1.000000,238.211572,11.230981,6.900555,2.390634,0.041865,0.012410
17800,39,0.000037,-11.358158,-0.734213,0.290261,0.071430,-0.783813,0.000001,0.290260,1.000000,0.017468,0.078005,1.000000,79.579664,11.231483,6.826050,2.396394,0.046282,0.012684
17850,39,0.000036,-11.312377,-0.741362,0.292912,0.070777,-0.790879,0.000001,0.292911,1.000000,0.017749,0.078945,1.000000,147.180135,11.231979,6.751556,2.392837,0.047096,0.012610
17900,39,0.000035,-11.240530,-0.734920,0.433551,0.070285,-0.781541,0.000001,0.433550,1.000000,0.017961,0.079608,1.000000,141.616177,11.232470,6.677071,2.403931,0.038262,0.012664
17950,40,0.000035,-11.326676,-0.722089,0.385977,0.072131,-0.772097,0.000001,0.385976,1.000000,0.017350,0.080766,1.000000,94.895078,11.230876,6.603819,2.434642,0.046475,0.012628
18000,40,0.000034,-11.247824,-0.752651,0.518622,0.069017,-0.797869,0.000001,0.518621,1.000000,0.017736,0.078635,1.000000,129.806452,11.231365,6.529334,2.429249,0.035699,0.012113
18050,40,0.000033,-11.009149,-0.727579,0.403854,0.071989,-0.778343,0.000001,0.403853,1.000000,0.017554,0.079136,1.000000,86.367681,11.229107,6.456435,2.415753,0.049232,0.012898
18100,40,0.000033,-10.740339,-0.731106,0.377964,0.071405,-0.780143,0.000001,0.377963,1.000000,0.016614,0.078494,1.000000,44.540387,11.229593,6.381947,2.363761,0.044446,0.011882
18150,40,0.000032,-11.267774,-0.732128,0.226448,0.071065,-0.780125,0.000001,0.226447,1.000000,0.017373,0.079329,1.000000,250.741817,11.230078,6.307466,2.374670,0.041546,0.011847
18200,40,0.000031,-11.340264,-0.747211,0.344820,0.069681,-0.793729,0.000001,0.344819,1.000000,0.017717,0.078669,1.000000,57.556486,11.230512,6.233020,2.401227,0.038922,0.012682
18250,40,0.000031,-11.342994,-0.733154,0.392275,0.070914,-0.781508,0.000001,0.392274,1.000000,0.017621,0.080219,1.000000,58.620869,11.230996,6.158551,2.413067,0.042991,0.013291
18300,40,0.000030,-11.052531,-0.732531,0.147367,0.071115,-0.780440,0.000001,0.147366,1.000000,0.017668,0.079885,1.000000,163.182063,11.231479,6.084091,2.430136,0.041170,0.012756
18350,40,0.000029,-10.644051,-0.724826,0.491057,0.072252,-0.776949,0.000001,0.491056,1.000000,0.017189,0.079090,1.000000,98.068676,11.231886,6.009677,2.435172,0.053323,0.012052
18400,41,0.000028,-10.645152,-0.732768,0.548801,0.070877,-0.780459,0.000001,0.548800,1.000000,0.017281,0.080277,1.000000,64.466748,11.230185,5.936382,2.424016,0.040842,0.012286
18450,41,0.000028,-11.153363,-0.748816,0.340301,0.069740,-0.795539,0.000001,0.340300,1.000000,0.016547,0.078797,1.000000,105.459149,11.230660,5.861929,2.408853,0.039510,0.011373
18500,41,0.000027,-11.176044,-0.746555,0.282684,0.069950,-0.793999,0.000001,0.282683,1.000000,0.017307,0.078808,1.000000,152.655262,11.231146,5.787477,2.432203,0.041564,0.012271
18550,41,0.000027,-11.278930,-0.726327,0.229616,0.072008,-0.776149,0.000001,0.229615,1.000000,0.017407,0.080232,1.000000,57.054652,11.231599,5.713048,2.429542,0.046061,0.012758
18600,41,0.000026,-11.197090,-0.731717,0.677814,0.071757,-0.782623,0.000001,0.677813,1.000000,0.017727,0.079730,1.000000,136.274661,11.232075,5.638614,2.414303,0.050091,0.012806
18650,41,0.000025,-11.013611,-0.738220,0.296737,0.070440,-0.786046,0.000001,0.296736,1.000000,0.017092,0.079394,1.000000,175.471406,11.232548,5.564187,2.420116,0.042018,0.012604
18700,41,0.000025,-11.302418,-0.738849,0.164035,0.070163,-0.785438,0.000001,0.164034,1.000000,0.017633,0.079979,1.000000,156.635882,11.233021,5.489767,2.424233,0.038358,0.013389
18750,41,0.000024,-11.077433,-0.739358,0.286317,0.070926,-0.786704,0.000001,0.286316,1.000000,0.017473,0.079633,1.000000,68.154778,11.233492,5.415354,2.427587,0.039610,0.013070
18800,41,0.000023,-10.984057,-0.725758,0.572658,0.071769,-0.774838,0.000001,0.572657,1.000000,0.017268,0.079867,1.000000,118.257637,11.233962,5.340947,2.442015,0.043984,0.012739
18850,42,0.000023,-11.238683,-0.748667,0.187940,0.069965,-0.795026,0.000001,0.187939,1.000000,0.017357,0.079256,1.000000,90.532530,11.232328,5.267534,2.414535,0.037922,0.012747
18900,42,0.000022,-11.200157,-0.731295,0.412110,0.070939,-0.779269,0.000001,0.412109,1.000000,0.017490,0.080287,1.000000,84.514654,11.232781,5.193134,2.451224,0.041682,0.012699
18950,42,0.000022,-11.322257,-0.733604,0.452632,0.071097,-0.782006,0.000001,0.452631,1.000000,0.017069,0.079527,1.000000,75.248756,11.233231,5.118741,2.425865,0.042842,0.012590
19000,42,0.000021,-11.290682,-0.736469,0.429722,0.071476,-0.787170,0.000001,0.429721,1.000000,0.017446,0.079167,1.000000,83.193866,11.233689,5.044351,2.427838,0.049877,0.012666
19050,42,0.000020,-11.353986,-0.733875,0.280921,0.070975,-0.781407,0.000001,0.280920,1.000000,0.017285,0.079705,1.000000,112.666739,11.231547,4.971117,2.419110,0.040146,0.012397
19100,42,0.000020,-11.324793,-0.726688,0.314393,0.071590,-0.775975,0.000001,0.314392,1.000000,0.017102,0.080291,1.000000,33.547267,11.232007,4.896720,2.408849,0.044972,0.012351
19150,42,0.000019,-11.284191,-0.733123,0.412573,0.071054,-0.781630,0.000001,0.412572,1.000000,0.017251,0.079603,1.000000,91.430774,11.232403,4.822358,2.411368,0.043264,0.012478
19200,42,0.000019,-11.260263,-0.742899,0.500414,0.070519,-0.791198,0.000001,0.500413,1.000000,0.017349,0.078977,1.000000,202.928334,11.232792,4.748003,2.418763,0.043464,0.012147
19250,42,0.000018,-11.414934,-0.742638,0.254083,0.070359,-0.790071,0.000001,0.254082,1.000000,0.016638,0.079226,1.000000,196.230352,11.233200,4.673646,2.414351,0.040845,0.012738
19300,43,0.000018,-11.412470,-0.741617,0.229506,0.070009,-0.788594,0.000001,0.229505,1.000000,0.016707,0.079412,1.000000,82.452804,11.231877,4.600003,2.450495,0.039907,0.012537
19350,43,0.000017,-11.373425,-0.744296,0.400451,0.070191,-0.791779,0.000001,0.400450,1.000000,0.017285,0.079539,1.000000,79.578144,11.232317,4.525632,2.456824,0.041293,0.012468
19400,43,0.000017,-11.345365,-0.740490,0.407297,0.069939,-0.786029,0.000001,0.407296,1.000000,0.017544,0.080072,1.000000,192.885808,11.232761,4.451266,2.449008,0.035234,0.012538
19450,43,0.000016,-11.356668,-0.732765,0.400802,0.071362,-0.781518,0.000001,0.400801,1.000000,0.017568,0.079623,1.000000,192.527788,11.233212,4.376902,2.435213,0.043572,0.012928
19500,43,0.000016,-11.251127,-0.738087,0.434488,0.072066,-0.790241,0.000001,0.434487,1.000000,0.017305,0.079040,1.000000,81.516356,11.233656,4.302547,2.427283,0.053736,0.012776
19550,43,0.000015,-11.080857,-0.734590,0.426310,0.071241,-0.783538,0.000001,0.426309,1.000000,0.017551,0.080056,1.000000,73.615846,11.234099,4.228198,2.426882,0.044425,0.013037
19600,43,0.000015,-11.156849,-0.738141,0.298586,0.070691,-0.786207,0.000001,0.298586,1.000000,0.017297,0.079820,1.000000,86.881577,11.234542,4.153856,2.432182,0.042403,0.012742
19650,43,0.000014,-11.280812,-0.729352,0.339689,0.071387,-0.777883,0.000001,0.339688,1.000000,0.017578,0.080301,1.000000,74.892285,11.234984,4.079519,2.451461,0.042793,0.012487
19700,43,0.000014,-11.264980,-0.741739,0.229346,0.070051,-0.788171,0.000001,0.229345,1.000000,0.016755,0.079884,1.000000,50.866708,11.235376,4.005206,2.452793,0.038020,0.012346
19750,44,0.000013,-11.151334,-0.747359,0.327065,0.069976,-0.794384,0.000001,0.327064,1.000000,0.016899,0.079278,1.000000,60.417723,11.233680,3.931630,2.464764,0.040124,0.011956
19800,44,0.000013,-11.282112,-0.744106,0.399008,0.069840,-0.791051,0.000001,0.399007,1.000000,0.017280,0.079729,1.000000,57.196821,11.234095,3.857305,2.461081,0.040084,0.012200
19850,44,0.000012,-11.260777,-0.735279,0.310909,0.071331,-0.784306,0.000001,0.310908,1.000000,0.017183,0.079792,1.000000,124.747697,11.234520,3.782983,2.476993,0.044540,0.012019
19900,44,0.000012,-11.236980,-0.732275,0.304767,0.071353,-0.781629,0.000001,0.304766,1.000000,0.016675,0.079091,1.000000,137.168860,11.234943,3.708667,2.423267,0.045591,0.012133
19950,44,0.000012,-11.091480,-0.730286,0.456389,0.071341,-0.779142,0.000001,0.456388,1.000000,0.017061,0.079392,1.000000,205.732179,11.235364,3.634358,2.409422,0.043952,0.012559
20000,44,0.000011,-11.228491,-0.728640,0.394211,0.071411,-0.776175,0.000001,0.394210,1.000000,0.016633,0.079984,1.000000,77.328019,11.235686,3.560085,2.421493,0.039432,0.012327
20050,44,0.000011,-11.227776,-0.735863,0.325782,0.071035,-0.784968,0.000001,0.325781,1.000000,0.016641,0.078987,1.000000,71.940471,11.232054,3.487044,2.444349,0.045292,0.011925
20100,44,0.000010,-11.348961,-0.741679,0.243809,0.070880,-0.790638,0.000001,0.243809,1.000000,0.017224,0.078885,1.000000,78.611133,11.232482,3.412722,2.435088,0.045062,0.012203
20150,44,0.000010,-11.335048,-0.744216,0.434374,0.070191,-0.791286,0.000001,0.434374,1.000000,0.017615,0.079414,1.000000,42.137547,11.232813,3.338434,2.418371,0.039915,0.013094
20200,45,0.000010,-11.290488,-0.730094,0.319463,0.071218,-0.777733,0.000001,0.319462,1.000000,0.017192,0.079521,1.000000,67.906034,11.231516,3.264623,2.426468,0.040099,0.012958
20250,45,0.000009,-11.257957,-0.739224,0.230516,0.070804,-0.787198,0.000001,0.230516,1.000000,0.017690,0.079384,1.000000,140.784474,11.231941,3.190306,2.409701,0.041908,0.012988
20300,45,0.000009,-10.981835,-0.733860,0.328992,0.071827,-0.785094,0.000001,0.328991,1.000000,0.017825,0.080172,1.000000,100.641697,11.232375,3.115993,2.435443,0.051066,0.014016
20350,45,0.000008,-10.978954,-0.730806,0.517850,0.071260,-0.779169,0.000001,0.517849,1.000000,0.017349,0.080425,1.000000,78.858860,11.232801,3.041687,2.456817,0.042443,0.013256
20400,45,0.000008,-11.121495,-0.735741,0.282749,0.070666,-0.783429,0.000001,0.282748,1.000000,0.017505,0.080408,1.000000,1108.550796,11.233228,2.967387,2.445784,0.041183,0.012892
20450,45,0.000008,-11.177474,-0.750977,0.377516,0.069662,-0.797880,0.000001,0.377516,1.000000,0.017437,0.079925,1.000000,71.556407,11.233656,2.893092,2.472102,0.040242,0.012928
20500,45,0.000007,-11.243251,-0.735051,0.293762,0.071152,-0.784070,0.000001,0.293762,1.000000,0.017366,0.078691,1.000000,35.245888,11.234076,2.818805,2.437800,0.044812,0.012885
20550,45,0.000007,-11.074717,-0.738370,0.323571,0.070340,-0.785186,0.000001,0.323570,1.000000,0.017322,0.079572,1.000000,97.263373,11.234495,2.744523,2.418685,0.038819,0.012786
20600,45,0.000007,-10.987252,-0.745957,0.554283,0.070473,-0.794284,0.000001,0.554282,1.000000,0.017546,0.078996,1.000000,141.529281,11.234839,2.670265,2.410794,0.043635,0.012977
20650,46,0.000006,-10.944122,-0.734898,0.242401,0.071108,-0.782458,0.000001,0.242400,1.000000,0.017524,0.079008,1.000000,85.852941,11.233295,2.596448,2.416841,0.040018,0.012935
20700,46,0.000006,-11.044065,-0.737727,0.418591,0.070525,-0.784670,0.000001,0.418591,1.000000,0.017332,0.079736,1.000000,25.541157,11.233714,2.522170,2.428897,0.038938,0.012755
20750,46,0.000006,-11.097647,-0.735369,0.393046,0.071156,-0.784545,0.000001,0.393046,1.000000,0.017124,0.080244,1.000000,71.050497,11.234123,2.447899,2.441590,0.045328,0.012904
20800,46,0.000006,-11.137004,-0.747540,0.402373,0.069905,-0.794467,0.000001,0.402372,1.000000,0.016821,0.079304,1.000000,103.975377,11.234452,2.373651,2.453567,0.039918,0.012712
20850,46,0.000005,-11.229099,-0.736900,0.395455,0.070815,-0.785236,0.000001,0.395454,1.000000,0.017434,0.080204,1.000000,38.030732,11.234861,2.299391,2.466406,0.043094,0.013002
20900,46,0.000005,-11.245522,-0.743577,0.414034,0.070642,-0.792192,0.000001,0.414033,1.000000,0.016777,0.079253,1.000000,1319.935788,11.235259,2.225138,2.448847,0.044313,0.012700
20950,46,0.000005,-11.280314,-0.745223,0.183527,0.070368,-0.793018,0.000001,0.183526,1.000000,0.017241,0.079492,1.000000,208.420052,11.235657,2.150890,2.442931,0.042038,0.012966
21000,46,0.000004,-11.252134,-0.726884,0.367581,0.072356,-0.779125,0.000001,0.367580,1.000000,0.017488,0.079746,1.000000,156.554246,11.236055,2.076648,2.440736,0.053545,0.012788
21050,46,0.000004,-11.289738,-0.735994,0.270528,0.070652,-0.782351,0.000001,0.270527,1.000000,0.017566,0.080349,1.000000,94.053456,11.234047,2.002840,2.433564,0.036769,0.013110
21100,47,0.000004,-11.252297,-0.742336,0.424685,0.070538,-0.790229,0.000001,0.424684,1.000000,0.017759,0.079441,1.000000,74.058713,11.232748,1.928884,2.427358,0.042079,0.012573
21150,47,0.000004,-11.310335,-0.733645,0.186370,0.071128,-0.781240,0.000001,0.186369,1.000000,0.017334,0.079581,1.000000,59.303443,11.233165,1.854627,2.427780,0.040106,0.012925
21200,47,0.000004,-11.270752,-0.745578,0.374728,0.070296,-0.794014,0.000001,0.374727,1.000000,0.017412,0.079390,1.000000,66.369356,11.233575,1.780377,2.422855,0.044293,0.012759
21250,47,0.000003,-11.205115,-0.736876,0.396892,0.071391,-0.785243,0.000001,0.396891,1.000000,0.017322,0.079673,1.000000,61.853640,11.233978,1.706134,2.422691,0.042239,0.012953
21300,47,0.000003,-11.122909,-0.733792,0.400657,0.071181,-0.783159,0.000001,0.400656,1.000000,0.017395,0.079737,1.000000,34.781732,11.234385,1.631895,2.423178,0.045921,0.013003
21350,47,0.000003,-11.048542,-0.739155,0.625090,0.070586,-0.787785,0.000001,0.625089,1.000000,0.017666,0.080136,1.000000,61.642404,11.234785,1.557662,2.423084,0.044456,0.013035
21400,47,0.000003,-11.168641,-0.741670,0.343723,0.070653,-0.790351,0.000001,0.343722,1.000000,0.017668,0.080091,1.000000,114.042739,11.235189,1.483434,2.422746,0.044516,0.012915
21450,47,0.000003,-11.180305,-0.746970,0.210460,0.070102,-0.793745,0.000001,0.210459,1.000000,0.017190,0.078906,1.000000,132.062422,11.235583,1.409213,2.419752,0.039081,0.012837
21500,47,0.000002,-11.146907,-0.732716,0.276687,0.070926,-0.779833,0.000001,0.276687,1.000000,0.017388,0.079533,1.000000,92.060638,11.235951,1.335001,2.418822,0.038847,0.012719
21550,48,0.000002,-11.159205,-0.738179,0.428047,0.071148,-0.787686,0.000001,0.428047,1.000000,0.017375,0.079306,1.000000,25.467606,11.234735,1.260970,2.423588,0.046441,0.012706
21600,48,0.000002,-11.200760,-0.732200,0.349684,0.070641,-0.780111,0.000001,0.349683,1.000000,0.017566,0.080001,1.000000,53.370783,11.235083,1.186759,2.434462,0.041968,0.012755
21650,48,0.000002,-11.203933,-0.749996,0.271600,0.069954,-0.796127,0.000001,0.271600,1.000000,0.017188,0.079418,1.000000,142.395533,11.235460,1.112549,2.448382,0.037178,0.012576
21700,48,0.000002,-11.140779,-0.739508,0.426881,0.070971,-0.788708,0.000001,0.426880,1.000000,0.017322,0.079651,1.000000,56.023312,11.235867,1.038341,2.441464,0.045715,0.012787
21750,48,0.000002,-11.207658,-0.739498,0.250569,0.070445,-0.786139,0.000001,0.250568,1.000000,0.017314,0.079594,1.000000,136.374217,11.236265,0.964140,2.433809,0.038061,0.012456
21800,48,0.000002,-11.261956,-0.739987,0.264357,0.070338,-0.787516,0.000001,0.264356,1.000000,0.017249,0.079391,1.000000,101.765380,11.236660,0.889944,2.433841,0.041198,0.012529
21850,48,0.000002,-11.208718,-0.735927,0.385991,0.071255,-0.785004,0.000001,0.385990,1.000000,0.017517,0.080076,1.000000,216.553398,11.237054,0.815754,2.433193,0.044831,0.012827
21900,48,0.000001,-11.141084,-0.732077,0.374210,0.071883,-0.782811,0.000001,0.374209,1.000000,0.017554,0.079752,1.000000,125.215189,11.237439,0.741569,2.428798,0.049308,0.012654
21950,48,0.000001,-11.139877,-0.738560,0.424451,0.070453,-0.785772,0.000001,0.424450,1.000000,0.017600,0.079884,1.000000,150.861800,11.237803,0.667390,2.427323,0.039951,0.012714
22000,49,0.000001,-11.228983,-0.746885,0.329875,0.069983,-0.793200,0.000001,0.329875,1.000000,0.017271,0.079891,1.000000,75.531016,11.236574,0.593301,2.429195,0.037746,0.012808
22050,49,0.000001,-11.155470,-0.739434,0.503515,0.071094,-0.788086,0.000001,0.503514,1.000000,0.017188,0.079444,1.000000,32.959688,11.232926,0.519307,2.430633,0.043681,0.012733
22100,49,0.000001,-11.236529,-0.735525,0.157942,0.070832,-0.783561,0.000001,0.157941,1.000000,0.017170,0.079835,1.000000,57.393508,11.233314,0.445105,2.429967,0.042064,0.012700
22150,49,0.000001,-11.236208,-0.738296,0.371799,0.070776,-0.786346,0.000001,0.371798,1.000000,0.017305,0.079962,1.000000,161.893872,11.233696,0.370908,2.428087,0.042209,0.012648
22200,49,0.000001,-11.192403,-0.736051,0.346616,0.071220,-0.785804,0.000001,0.346615,1.000000,0.017288,0.079850,1.000000,95.010323,11.234074,0.296716,2.428215,0.047145,0.012672
22250,49,0.000001,-11.095206,-0.742049,0.519442,0.070383,-0.789240,0.000001,0.519441,1.000000,0.017329,0.079924,1.000000,76.075815,11.234447,0.222530,2.426927,0.040001,0.012845
22300,49,0.000001,-11.231856,-0.739428,0.289288,0.070442,-0.786767,0.000001,0.289287,1.000000,0.017488,0.080202,1.000000,84.494034,11.234818,0.148348,2.427979,0.040394,0.012816
22350,49,0.000001,-11.183965,-0.732652,0.323270,0.071643,-0.782443,0.000001,0.323269,1.000000,0.017434,0.080676,1.000000,215.783445,11.235186,0.074172,2.434040,0.046564,0.012964
22400,49,0.000001,-11.236376,-0.738461,0.301567,0.070731,-0.786783,0.000001,0.301566,1.000000,0.017302,0.080084,1.000000,233.831929,11.235490,0.000000,2.432086,0.043189,0.012803
