step,epoch,lr,loss,loss_main,loss_aux,ed,nll,loss_sde,vol_mse,sde_acc,mean_mu,mean_sigma,eff_k,grad_norm,steps/s,eta_min,mean_nu
100,0,0.000002,1.930223,1.477842,3.015872,1.229422,1.819460,1.946147,1.069725,0.140937,0.928672,1.884274,3.469278,11.384549,2.306940,845.853390,3.155197
200,0,0.000005,1.373355,0.921521,3.012221,0.738579,1.441132,1.945997,1.066224,0.145039,0.775078,0.921101,3.664369,7.614661,3.238367,602.052360,3.054688
300,0,0.000007,1.112135,0.664024,2.987409,0.517640,1.185775,1.945380,1.042030,0.153047,0.655273,0.472221,3.922308,5.996259,3.747232,519.850339,2.809826
400,0,0.000010,0.895769,0.453170,2.950658,0.348077,0.841264,1.944567,1.006091,0.165625,0.498848,0.338979,4.249915,3.870653,4.059688,479.429331,2.464533
500,0,0.000012,0.700082,0.266357,2.891496,0.205591,0.456667,1.943158,0.948338,0.180938,0.347207,0.268322,4.474080,2.054169,4.281061,454.248757,2.475246
600,0,0.000015,0.539510,0.154250,2.568398,0.126866,0.158462,1.930354,0.638044,0.199492,0.259883,0.231867,4.422132,1.261141,4.440372,437.575970,3.213113
700,0,0.000017,0.416637,0.099434,2.114689,0.091554,-0.019696,1.881105,0.233583,0.224062,0.226191,0.235523,4.163870,1.085843,4.564342,425.326017,3.735244
800,0,0.000020,0.371295,0.067320,2.026499,0.072226,-0.138657,1.868120,0.158379,0.226523,0.214961,0.262368,3.848862,1.041529,4.670631,415.290092,3.685307
900,0,0.000022,0.338270,0.045975,1.948636,0.058931,-0.214124,1.856208,0.092428,0.232695,0.204971,0.282898,3.597614,0.867735,4.747265,408.235047,3.655451
1000,0,0.000025,0.315604,0.026501,1.927354,0.048198,-0.294911,1.846788,0.080566,0.241836,0.193135,0.283544,3.392164,0.932505,4.806578,402.850665,3.862713
1100,0,0.000027,0.300937,0.013406,1.916874,0.040616,-0.346740,1.847148,0.069726,0.239727,0.180801,0.263010,3.343654,0.899294,4.864382,397.720938,4.007617
1200,0,0.000030,0.286844,0.001339,1.903367,0.034651,-0.404521,1.844511,0.058856,0.245625,0.170713,0.250624,3.243764,0.923439,4.912909,393.453250,4.224386
1300,0,0.000032,0.277373,-0.007760,1.900890,0.029527,-0.443126,1.850020,0.050870,0.232773,0.160703,0.230347,3.174900,0.852730,4.950168,390.155133,4.485723
1400,0,0.000035,0.270183,-0.015421,1.904023,0.025213,-0.474099,1.851729,0.052294,0.235039,0.151777,0.214419,3.067862,0.883702,4.978258,387.618876,4.649243
1500,0,0.000037,0.260344,-0.022782,1.887504,0.021694,-0.510403,1.847031,0.040473,0.246719,0.143682,0.200390,2.999274,0.830401,5.007747,385.003511,4.957802
1600,0,0.000040,0.265382,-0.028492,1.959162,0.018955,-0.539517,1.854830,0.104332,0.245781,0.137549,0.188800,2.929592,0.821736,5.027715,383.142914,5.203648
1700,0,0.000042,0.251032,-0.034646,1.904523,0.016604,-0.574828,1.843557,0.060966,0.246758,0.131978,0.177561,2.882193,0.779762,5.051775,380.988198,5.571102
1800,0,0.000045,0.242624,-0.037301,1.866164,0.014822,-0.583336,1.829171,0.036993,0.252656,0.127246,0.165673,2.844133,0.780377,5.069007,379.364243,5.942609
1900,0,0.000047,0.238634,-0.040810,1.862961,0.013706,-0.606136,1.818916,0.044045,0.260664,0.121353,0.155810,2.812724,0.734175,5.080886,378.149297,6.294474
2000,0,0.000050,0.239668,-0.041304,1.873146,0.012717,-0.602164,1.824232,0.048914,0.258008,0.119150,0.151157,2.784311,0.635899,5.098336,376.528076,6.734943
2000,0.006241,0.007699,0.010254,-0.048361,0.008092,-0.625484,0.071833,0.256348,0.184358,2.617308,0.023427,0.117088,7.716879
2100,0,0.000052,0.234040,-0.044004,1.853625,0.011573,-0.616293,1.817229,0.036396,0.257695,0.113208,0.143934,2.768100,0.618496,5.103201,375.842505,6.865482
2200,0,0.000055,0.228465,-0.047338,1.838689,0.010519,-0.638720,1.812695,0.025994,0.260313,0.114287,0.142015,2.750790,0.639370,5.117949,374.433826,7.103441
2300,0,0.000057,0.225536,-0.049359,1.832636,0.009900,-0.651797,1.807718,0.024918,0.260195,0.109902,0.136688,2.721766,0.622481,5.138294,372.626910,7.481441
2400,0,0.000060,0.223814,-0.050576,1.829263,0.009182,-0.657072,1.803540,0.025723,0.266250,0.103960,0.134114,2.722870,0.613016,5.152649,371.265367,7.678060
2500,0,0.000062,0.221706,-0.052894,1.830670,0.008558,-0.673019,1.807831,0.022839,0.259492,0.107188,0.130742,2.679437,0.563580,5.164306,370.104561,8.017705
2600,0,0.000065,0.221677,-0.052824,1.830007,0.008370,-0.670983,1.806544,0.023463,0.259805,0.100151,0.132335,2.709477,0.596152,5.175149,369.007054,7.944047
2700,0,0.000067,0.219075,-0.054177,1.821676,0.007954,-0.679936,1.800675,0.021001,0.256836,0.101455,0.130598,2.688334,0.558942,5.183325,368.103489,8.211416
2800,0,0.000070,0.220925,-0.053548,1.829826,0.007750,-0.672191,1.805996,0.023830,0.253164,0.102026,0.131858,2.668517,0.569350,5.195599,366.913078,8.244416
2900,0,0.000072,0.217642,-0.055600,1.821613,0.007514,-0.689597,1.797702,0.023911,0.257930,0.095166,0.125678,2.681820,0.564451,5.203441,366.039825,8.544229
3000,0,0.000075,0.217884,-0.055372,1.821705,0.007259,-0.685213,1.800425,0.021280,0.258594,0.099517,0.129001,2.674878,0.549038,5.215481,364.875246,8.549127
3100,0,0.000077,0.215809,-0.055584,1.809282,0.007096,-0.685150,1.790428,0.018854,0.264922,0.097705,0.125537,2.648626,0.557566,5.221369,364.144607,8.796574
3200,0,0.000080,0.213931,-0.057269,1.808000,0.006913,-0.699663,1.787945,0.020055,0.264570,0.089702,0.125916,2.637182,0.548751,5.229396,363.266954,8.878068
3300,0,0.000082,0.215995,-0.056259,1.815024,0.006807,-0.689155,1.794527,0.020498,0.261367,0.089478,0.124906,2.661593,0.537557,5.233234,362.682014,8.586657
3400,0,0.000085,0.216356,-0.057181,1.823582,0.006833,-0.698016,1.800899,0.022684,0.256367,0.086729,0.127373,2.651688,0.540216,5.241685,361.779354,8.486440
3500,0,0.000087,0.213643,-0.058318,1.813075,0.006517,-0.705971,1.794300,0.018775,0.265273,0.089448,0.128157,2.643304,0.521387,5.248370,361.001001,8.901949
3600,0,0.000090,0.214287,-0.057988,1.815163,0.006435,-0.702243,1.794633,0.020530,0.257578,0.081328,0.127793,2.685738,0.494497,5.252111,360.426504,8.509090
3700,0,0.000092,0.213695,-0.058557,1.815013,0.006319,-0.706768,1.794665,0.020348,0.264727,0.083794,0.126367,2.674986,0.496767,5.260360,359.544480,8.737903
3800,0,0.000095,0.211844,-0.059237,1.807206,0.006143,-0.711203,1.788909,0.018297,0.265039,0.078130,0.120849,2.649721,0.493196,5.267226,358.759399,8.957616
3900,0,0.000097,0.213164,-0.059079,1.814954,0.006130,-0.709223,1.795701,0.019253,0.261016,0.078477,0.120540,2.675243,0.484521,5.272493,358.084845,8.826265
4000,1,0.000100,0.210372,-0.059500,1.799146,0.005979,-0.712298,1.781669,0.017476,0.268164,0.077393,0.122956,2.664860,0.417218,5.260335,358.595643,8.512316
4000,0.003810,0.004726,0.005528,-0.060533,0.004752,-0.711183,0.067110,0.286621,0.021173,2.593957,0.050053,0.109904,8.815883
4100,1,0.000100,0.210872,-0.059779,1.804341,0.005932,-0.714977,1.786789,0.017552,0.259258,0.077495,0.121090,2.663901,0.433222,5.257444,358.475869,8.696141
4200,1,0.000100,0.209842,-0.059895,1.798246,0.005945,-0.715788,1.781819,0.016427,0.263047,0.074385,0.120543,2.711657,0.440251,5.261394,357.889966,8.565325
4300,1,0.000100,0.210435,-0.059783,1.801452,0.005942,-0.714387,1.782817,0.018635,0.268789,0.081836,0.122376,2.657699,0.461263,5.265151,357.317989,8.482085
4400,1,0.000100,0.209152,-0.059734,1.792577,0.005752,-0.712443,1.777243,0.015335,0.267891,0.071230,0.119856,2.666692,0.399330,5.267379,356.850477,8.579045
4500,1,0.000100,0.208915,-0.060323,1.794920,0.005766,-0.718120,1.778602,0.016318,0.263750,0.073286,0.122793,2.685343,0.399257,5.269810,356.369593,8.486819
4600,1,0.000100,0.208391,-0.060114,1.790037,0.005716,-0.715681,1.773284,0.016753,0.273477,0.079351,0.117708,2.671383,0.443553,5.272735,355.855811,8.721368
4700,1,0.000100,0.209305,-0.059849,1.794363,0.005638,-0.712621,1.780969,0.013394,0.260352,0.077153,0.119447,2.691731,0.410061,5.277211,355.238121,8.456806
4800,1,0.000100,0.207925,-0.061000,1.792833,0.005653,-0.723580,1.777767,0.015065,0.262734,0.075854,0.114827,2.669177,0.414548,5.279753,354.751424,8.889449
4900,1,0.000100,0.208105,-0.059870,1.786501,0.005574,-0.712450,1.771682,0.014818,0.266992,0.073037,0.118267,2.692341,0.425961,5.281293,354.332430,8.629807
5000,1,0.000100,0.208995,-0.060256,1.795007,0.005661,-0.716849,1.778217,0.016791,0.266836,0.068865,0.118326,2.709609,0.391510,5.282441,353.939905,8.652000
5100,1,0.000100,0.207978,-0.061620,1.797322,0.005564,-0.728299,1.776807,0.020514,0.268359,0.070127,0.114407,2.694278,0.438242,5.287150,353.309428,8.925083
5200,1,0.000100,0.208300,-0.062221,1.803474,0.005518,-0.733914,1.783067,0.020407,0.262617,0.068584,0.114649,2.689726,0.419901,5.286546,353.034527,8.938222
5300,1,0.000100,0.210814,-0.060256,1.807139,0.005583,-0.715954,1.783994,0.023145,0.259180,0.068867,0.114334,2.745684,0.406372,5.287066,352.684579,8.738492
5400,1,0.000100,0.208656,-0.060340,1.793305,0.005509,-0.715981,1.775069,0.018236,0.266055,0.068877,0.113487,2.764357,0.402205,5.291474,352.075832,8.650712
5500,1,0.000100,0.208832,-0.059499,1.788874,0.005507,-0.707886,1.773257,0.015617,0.265820,0.073650,0.113440,2.730420,0.407225,5.295145,351.517000,8.729689
5600,1,0.000100,0.207929,-0.060713,1.790951,0.005479,-0.718617,1.773656,0.017295,0.265156,0.064302,0.113501,2.768620,0.386738,5.294023,351.276631,8.398796
5700,1,0.000100,0.205595,-0.062147,1.784949,0.005354,-0.732061,1.767470,0.017479,0.268867,0.067471,0.114910,2.729478,0.391010,5.295335,350.874872,8.626124
5800,1,0.000100,0.206502,-0.061285,1.785247,0.005380,-0.723966,1.768476,0.016771,0.267383,0.065642,0.115391,2.752848,0.407236,5.298138,350.374655,8.498509
5900,1,0.000100,0.207244,-0.060196,1.782932,0.005340,-0.713189,1.765493,0.017440,0.270742,0.068970,0.112891,2.748304,0.421028,5.301010,349.870414,8.662363
6000,1,0.000100,0.206430,-0.061360,1.785266,0.005326,-0.723932,1.769169,0.016097,0.272891,0.064390,0.114262,2.763435,0.402776,5.302664,349.447026,8.319408
6000,0.003734,0.004596,0.005692,-0.063775,0.004753,-0.742031,0.070344,0.276855,0.037049,2.834480,0.047384,0.122742,7.475191
6100,1,0.000100,0.206016,-0.061054,1.780468,0.005278,-0.720506,1.764586,0.015882,0.266250,0.071489,0.110246,2.731894,0.385521,5.304228,349.029744,8.780482
6200,1,0.000100,0.209811,-0.060963,1.805157,0.005465,-0.721594,1.779586,0.025571,0.265430,0.067839,0.110849,2.764738,0.471023,5.306988,348.534181,8.567456
6300,1,0.000100,0.207631,-0.061341,1.793143,0.005272,-0.723446,1.772274,0.020869,0.271836,0.065291,0.111441,2.712170,0.450877,5.307976,348.155314,9.163553
6400,1,0.000100,0.204898,-0.062120,1.780124,0.005146,-0.730025,1.762875,0.017249,0.273203,0.062876,0.111296,2.740603,0.419866,5.311216,347.629114,8.667789
6500,1,0.000100,0.204737,-0.061038,1.771833,0.005288,-0.720765,1.756035,0.015798,0.279922,0.061604,0.112135,2.769534,0.433737,5.314001,347.133298,8.511328
6600,1,0.000100,0.205794,-0.061554,1.782318,0.005378,-0.726659,1.765747,0.016572,0.272461,0.066533,0.110338,2.775535,0.441428,5.315742,346.706059,8.616171
6700,1,0.000100,0.205453,-0.062131,1.783889,0.005215,-0.730438,1.766810,0.017079,0.268984,0.064951,0.109660,2.797767,0.433351,5.318488,346.213664,8.710143
6800,1,0.000100,0.203732,-0.062046,1.771854,0.005140,-0.728824,1.757284,0.014570,0.274648,0.064973,0.111446,2.773584,0.414400,5.317537,345.962185,8.647550
6900,1,0.000100,0.204970,-0.061579,1.776995,0.005234,-0.725625,1.759795,0.017200,0.272539,0.071035,0.110762,2.806328,0.469275,5.321213,345.409959,8.660924
7000,1,0.000100,0.205039,-0.061403,1.776281,0.005245,-0.724024,1.760163,0.016118,0.277461,0.067673,0.109929,2.769772,0.403664,5.321541,345.075502,8.659644
7100,1,0.000100,0.203941,-0.062135,1.773838,0.005253,-0.731067,1.758006,0.015833,0.271250,0.070339,0.108237,2.743249,0.427009,5.324002,344.602945,8.957059
7200,1,0.000100,0.202675,-0.062237,1.766084,0.005107,-0.730141,1.751599,0.014485,0.276797,0.068206,0.106148,2.780896,0.460399,5.325966,344.162913,8.721907
7300,1,0.000100,0.204304,-0.062239,1.776953,0.005144,-0.730827,1.761439,0.015514,0.267500,0.066760,0.108448,2.790184,0.444909,5.328621,343.678674,8.573993
7400,1,0.000100,0.201458,-0.063112,1.763804,0.005149,-0.739078,1.750423,0.013381,0.276328,0.063064,0.107055,2.793825,0.387827,5.329764,343.292220,8.613638
7500,1,0.000100,0.203175,-0.061722,1.765984,0.005160,-0.726007,1.752463,0.013522,0.278203,0.067410,0.108077,2.767096,0.428634,5.331934,342.839944,8.667624
7600,1,0.000100,0.204471,-0.061479,1.772999,0.005156,-0.723989,1.758247,0.014752,0.277187,0.069736,0.108047,2.798875,0.373550,5.333558,342.423060,8.444951
7700,1,0.000100,0.202158,-0.062168,1.762176,0.005136,-0.730130,1.749021,0.013156,0.275820,0.067393,0.104515,2.792701,0.403462,5.333385,342.121708,8.898752
7800,1,0.000100,0.202947,-0.062222,1.767790,0.005030,-0.729829,1.753656,0.014134,0.276445,0.063586,0.107464,2.814649,0.432698,5.333976,341.771314,8.664076
7900,2,0.000100,0.201899,-0.062591,1.763265,0.005113,-0.734022,1.748525,0.014740,0.283555,0.065620,0.104350,2.800283,0.421553,5.327443,341.877596,9.105298
8000,2,0.000100,0.202978,-0.062492,1.769802,0.005099,-0.732704,1.754926,0.014876,0.271836,0.067939,0.104584,2.817121,0.386449,5.328845,341.474851,9.118792
8000,0.003418,0.004165,0.005286,-0.065306,0.004279,-0.752738,0.069332,0.292969,0.033686,2.893785,0.053631,0.109449,8.432653
8100,2,0.000100,0.201965,-0.061948,1.759416,0.005041,-0.727554,1.745007,0.014409,0.278398,0.063845,0.105610,2.845677,0.389385,5.327537,341.245899,9.044740
8200,2,0.000100,0.202485,-0.062129,1.764098,0.005047,-0.728974,1.750654,0.013444,0.281289,0.066125,0.105521,2.797006,0.376354,5.328674,340.860266,9.689713
8300,2,0.000100,0.204638,-0.061001,1.770924,0.005107,-0.719121,1.757050,0.013873,0.277187,0.067837,0.105491,2.810416,0.435815,5.329896,340.469409,9.185391
8400,2,0.000100,0.202623,-0.062087,1.764733,0.005010,-0.728338,1.751009,0.013724,0.277695,0.065134,0.105404,2.799445,0.421724,5.331105,340.079588,9.390939
8500,2,0.000100,0.201187,-0.062403,1.757271,0.004952,-0.730502,1.745777,0.011494,0.280625,0.064021,0.103887,2.818613,0.373382,5.332072,339.705334,9.509900
8600,2,0.000100,0.203241,-0.061641,1.765885,0.005031,-0.724563,1.753960,0.011924,0.276367,0.068313,0.104374,2.811249,0.407110,5.334313,339.250165,9.320404
8700,2,0.000100,0.202838,-0.063028,1.772441,0.005049,-0.737531,1.756397,0.016044,0.274414,0.065161,0.104262,2.782585,0.401406,5.334476,338.927362,9.713811
8800,2,0.000100,0.202252,-0.062645,1.765976,0.005073,-0.734095,1.752089,0.013887,0.282539,0.069695,0.102441,2.800368,0.379582,5.336943,338.458413,9.601555
8900,2,0.000100,0.201906,-0.062378,1.761889,0.005008,-0.731262,1.748031,0.013857,0.274766,0.066284,0.104861,2.805642,0.360365,5.338883,338.023291,9.327147
9000,2,0.000100,0.200440,-0.063540,1.759865,0.004943,-0.741359,1.747202,0.012662,0.283086,0.060564,0.104171,2.816606,0.347147,5.341378,337.553324,9.351703
9100,2,0.000100,0.200266,-0.063884,1.761001,0.004931,-0.744542,1.747697,0.013304,0.278516,0.059424,0.103385,2.795232,0.405886,5.342061,337.198179,9.834737
9200,2,0.000099,0.202776,-0.061756,1.763550,0.004894,-0.724219,1.750613,0.012937,0.276484,0.062886,0.103396,2.792210,0.391220,5.343403,336.801566,9.918469
9300,2,0.000099,0.202934,-0.062652,1.770574,0.005005,-0.733801,1.757236,0.013338,0.269492,0.066533,0.102661,2.822158,0.512599,5.344067,336.447903,10.043715
9400,2,0.000099,0.200382,-0.063252,1.757560,0.004935,-0.739520,1.745314,0.012246,0.278906,0.061753,0.102804,2.806561,0.410083,5.344184,336.128641,9.826651
9500,2,0.000099,0.201233,-0.062973,1.761374,0.004951,-0.736417,1.749279,0.012095,0.278711,0.064629,0.101141,2.791283,0.349755,5.346006,335.702359,10.142231
9600,2,0.000099,0.199641,-0.063833,1.756489,0.004869,-0.743344,1.744902,0.011587,0.275977,0.069565,0.101867,2.799806,0.342513,5.346489,335.360253,10.152480
9700,2,0.000099,0.199182,-0.063528,1.751397,0.004871,-0.740720,1.740366,0.011031,0.284883,0.067732,0.100384,2.772460,0.364480,5.342731,335.284185,10.325084
9800,2,0.000099,0.200726,-0.062442,1.754452,0.005025,-0.731757,1.741087,0.013365,0.284570,0.070166,0.101886,2.799218,0.405033,5.344207,334.879750,10.028160
9900,2,0.000099,0.199932,-0.063279,1.754739,0.004970,-0.739184,1.742305,0.012434,0.282578,0.063877,0.098191,2.805999,0.402913,5.345213,334.504932,10.360663
10000,2,0.000099,0.199281,-0.062621,1.746011,0.004917,-0.732438,1.733899,0.012112,0.283906,0.069197,0.098528,2.819567,0.374629,5.347109,334.074627,10.623179
10000,0.003531,0.004138,0.005319,-0.065267,0.004352,-0.752552,0.068089,0.291992,0.026468,2.880646,0.064907,0.105926,10.105754
10100,2,0.000099,0.200216,-0.063051,1.755115,0.004965,-0.737405,1.744105,0.011010,0.282656,0.067437,0.099818,2.832406,0.358110,5.346246,333.816806,10.309744
10200,2,0.000099,0.200224,-0.062562,1.751906,0.004903,-0.732154,1.740066,0.011840,0.285977,0.069644,0.098604,2.809714,0.352207,5.347684,333.415341,10.698430
10300,2,0.000099,0.200968,-0.062005,1.753153,0.004966,-0.727049,1.740493,0.012661,0.285273,0.073213,0.096837,2.811021,0.354659,5.347880,333.091515,11.169044
10400,2,0.000099,0.200189,-0.062884,1.753818,0.004962,-0.735214,1.739443,0.014376,0.285234,0.066904,0.097448,2.832994,0.360131,5.350422,332.621748,10.841302
10500,2,0.000099,0.200939,-0.062099,1.753584,0.004920,-0.727489,1.739422,0.014162,0.283867,0.062710,0.098129,2.827283,0.423082,5.350084,332.331213,11.003288
10600,2,0.000099,0.201065,-0.063215,1.761870,0.004943,-0.738121,1.747560,0.014311,0.279648,0.061628,0.096090,2.833604,0.410806,5.350988,331.963627,11.137022
10700,2,0.000099,0.200838,-0.062670,1.756716,0.004861,-0.732439,1.742625,0.014091,0.284375,0.064231,0.094801,2.843172,0.451824,5.351399,331.626663,11.638502
10800,2,0.000099,0.199018,-0.063272,1.748602,0.004904,-0.738310,1.735706,0.012895,0.284375,0.065273,0.095533,2.833888,0.453593,5.350730,331.356648,11.688494
10900,2,0.000099,0.199749,-0.062959,1.751389,0.004885,-0.735723,1.737652,0.013737,0.283125,0.070703,0.095903,2.816365,0.471896,5.351710,330.984533,11.513231
11000,2,0.000099,0.199490,-0.063516,1.753375,0.004994,-0.742402,1.741146,0.012229,0.283828,0.068342,0.094656,2.821227,0.422282,5.352357,330.633139,11.449628
11100,2,0.000099,0.200286,-0.062621,1.752716,0.004844,-0.731963,1.740789,0.011927,0.284375,0.069404,0.095344,2.853259,0.376442,5.353424,330.255949,11.479432
11200,2,0.000099,0.200383,-0.063749,1.760880,0.004843,-0.742971,1.747319,0.013561,0.274609,0.067119,0.095424,2.845298,0.440908,5.353618,329.932665,11.836107
11300,2,0.000099,0.198472,-0.063992,1.749757,0.004843,-0.744665,1.737053,0.012704,0.289414,0.071021,0.093771,2.849319,0.413274,5.355830,329.485191,12.619032
11400,2,0.000099,0.199962,-0.063071,1.753553,0.004845,-0.736472,1.742007,0.011546,0.279336,0.073799,0.094157,2.870325,0.365065,5.355158,329.215333,12.084174
11500,2,0.000099,0.200889,-0.062603,1.756615,0.004837,-0.731898,1.743661,0.012954,0.284062,0.067908,0.094944,2.857499,0.365118,5.356900,328.797126,12.126023
11600,2,0.000099,0.200980,-0.062085,1.753765,0.004961,-0.727792,1.740632,0.013133,0.289062,0.066606,0.093737,2.857560,0.461855,5.358045,328.415831,12.128970
11700,2,0.000099,0.200512,-0.062385,1.752645,0.004890,-0.730138,1.739117,0.013528,0.285273,0.064546,0.093569,2.881942,0.419220,5.357377,328.145681,12.331864
11800,3,0.000099,0.199579,-0.063087,1.751105,0.004900,-0.737506,1.736689,0.014416,0.285273,0.064265,0.093070,2.870839,0.405876,5.353797,328.053748,12.774624
11900,3,0.000099,0.198912,-0.063166,1.747190,0.004788,-0.736452,1.734682,0.012508,0.283789,0.066753,0.091650,2.861538,0.381807,5.354972,327.670554,13.180098
12000,3,0.000099,0.199165,-0.062719,1.745889,0.004779,-0.732536,1.733177,0.012712,0.284180,0.063550,0.093977,2.883915,0.414092,5.356279,327.279411,12.961906
12000,0.003689,0.004125,0.004972,-0.066367,0.004221,-0.762864,0.069243,0.315430,0.021937,2.952752,0.053332,0.099791,12.511825
12100,3,0.000099,0.199787,-0.062443,1.748203,0.004843,-0.730313,1.736826,0.011377,0.287109,0.067395,0.094652,2.910503,0.436357,5.355443,327.019328,12.847453
12200,3,0.000099,0.198518,-0.063579,1.747312,0.004859,-0.741242,1.733579,0.013732,0.290273,0.065581,0.093789,2.904497,0.434135,5.356316,326.654864,12.934350
12300,3,0.000099,0.200149,-0.062877,1.753504,0.004876,-0.734597,1.740319,0.013185,0.285508,0.066682,0.090803,2.873120,0.460174,5.357050,326.298961,13.910385
12400,3,0.000099,0.198370,-0.063515,1.745899,0.004739,-0.739357,1.733257,0.012642,0.287109,0.073159,0.090315,2.870505,0.419939,5.359142,325.860604,13.774015
12500,3,0.000099,0.200689,-0.062385,1.753826,0.004854,-0.729813,1.741158,0.012667,0.281992,0.071191,0.092605,2.885133,0.463936,5.359714,325.514867,13.571946
12600,3,0.000099,0.199887,-0.063004,1.752608,0.004909,-0.736113,1.739331,0.013277,0.281719,0.065420,0.092428,2.905602,0.437587,5.359829,325.196968,13.513622
12700,3,0.000099,0.198888,-0.063486,1.749159,0.004780,-0.739733,1.735247,0.013912,0.286094,0.066809,0.093020,2.907746,0.509700,5.360226,324.861924,13.608911
12800,3,0.000099,0.200434,-0.063094,1.756853,0.004833,-0.736918,1.742496,0.014357,0.279961,0.067021,0.093852,2.881945,0.541155,5.360901,324.510100,13.944402
12900,3,0.000098,0.197558,-0.064318,1.745839,0.004780,-0.747315,1.731962,0.013877,0.291484,0.067930,0.091819,2.869301,0.434649,5.362458,324.105099,14.080367
13000,3,0.000098,0.197663,-0.064408,1.747140,0.004737,-0.747885,1.734185,0.012954,0.283125,0.065686,0.090807,2.878788,0.429937,5.363190,323.750127,14.365161
13100,3,0.000098,0.199599,-0.062716,1.748764,0.004783,-0.731920,1.736720,0.012044,0.282813,0.062598,0.092326,2.909000,0.437682,5.363416,323.425731,13.912070
13200,3,0.000098,0.199375,-0.063507,1.752543,0.004830,-0.740122,1.739994,0.012549,0.281836,0.065481,0.092118,2.915932,0.451508,5.364594,323.043995,14.338981
13300,3,0.000098,0.197941,-0.063639,1.743862,0.004770,-0.740763,1.731562,0.012300,0.290469,0.061931,0.091927,2.918231,0.530262,5.365055,322.705602,14.443404
13400,3,0.000098,0.199550,-0.062828,1.749187,0.004821,-0.733907,1.737696,0.011491,0.283555,0.062498,0.093758,2.920492,0.526150,5.365192,322.386712,14.296620
13500,3,0.000098,0.200376,-0.063107,1.756550,0.004845,-0.736177,1.741599,0.014951,0.286953,0.069446,0.090498,2.940051,0.538658,5.366280,322.010780,14.764892
13600,3,0.000098,0.198941,-0.064091,1.753541,0.004808,-0.745280,1.740035,0.013506,0.277656,0.070405,0.090158,2.926492,0.554612,5.366578,321.682314,14.890956
13700,3,0.000098,0.199134,-0.063026,1.747735,0.004847,-0.736070,1.736035,0.011701,0.284687,0.067764,0.091207,2.925816,0.517863,5.367323,321.327149,15.276164
13800,3,0.000098,0.198586,-0.064059,1.750969,0.004778,-0.745361,1.738451,0.012518,0.288164,0.071035,0.090349,2.928445,0.482527,5.367740,320.991697,15.518358
13900,3,0.000098,0.198638,-0.063059,1.744644,0.004752,-0.735520,1.732166,0.012477,0.285000,0.075088,0.091175,2.948206,0.504422,5.369146,320.597243,15.229293
14000,3,0.000098,0.197209,-0.064114,1.742158,0.004805,-0.745495,1.728964,0.013194,0.287539,0.076777,0.089589,2.927569,0.572425,5.369234,320.281594,16.187080
14000,0.003451,0.003939,0.004791,-0.065549,0.004149,-0.753640,0.070762,0.322754,0.019252,2.940695,0.070959,0.091030,16.317585
14100,3,0.000098,0.196742,-0.064285,1.740176,0.004755,-0.746639,1.727538,0.012638,0.292734,0.072856,0.090726,2.925856,0.549078,5.368165,320.034898,16.287794
14200,3,0.000098,0.197500,-0.064590,1.747266,0.004805,-0.750133,1.732731,0.014535,0.284570,0.072769,0.089017,2.923919,0.454398,5.368813,319.685808,16.050640
14300,3,0.000098,0.198827,-0.062786,1.744087,0.004870,-0.733736,1.730565,0.013522,0.290039,0.069326,0.091077,2.962620,0.456034,5.369587,319.329351,15.724099
14400,3,0.000098,0.198683,-0.063463,1.747640,0.004963,-0.740580,1.733117,0.014523,0.283555,0.067336,0.090435,2.975778,0.508124,5.368529,319.081844,15.993534
14500,3,0.000098,0.200989,-0.062535,1.756828,0.004824,-0.731121,1.741658,0.015169,0.283164,0.073547,0.089770,2.939104,0.529529,5.369222,318.730209,16.702857
14600,3,0.000098,0.198368,-0.063662,1.746863,0.004745,-0.740690,1.733240,0.013624,0.287109,0.071509,0.091230,2.950997,0.487333,5.370130,318.365991,16.530099
14700,3,0.000098,0.199003,-0.062931,1.746225,0.004732,-0.733741,1.733203,0.013023,0.284961,0.070796,0.091539,2.956098,0.445830,5.371276,317.987776,16.052597
14800,3,0.000098,0.198100,-0.064125,1.748165,0.004764,-0.745319,1.734930,0.013235,0.286250,0.069263,0.090204,2.965272,0.425897,5.371620,317.657144,16.240502
14900,3,0.000098,0.198125,-0.063302,1.742847,0.004829,-0.738321,1.729597,0.013250,0.288398,0.067354,0.089237,2.972888,0.448686,5.372416,317.299812,17.120352
15000,3,0.000098,0.198496,-0.063222,1.744782,0.004840,-0.737274,1.732462,0.012321,0.288125,0.071187,0.091083,2.988516,0.392495,5.373091,316.949793,16.462614
15100,3,0.000098,0.198479,-0.063696,1.747829,0.004792,-0.741330,1.734736,0.013092,0.282930,0.070361,0.090069,2.986984,0.415871,5.373814,316.597000,16.887872
15200,3,0.000098,0.198373,-0.063307,1.744530,0.004744,-0.737931,1.730751,0.013779,0.285742,0.073350,0.089293,2.985535,0.458507,5.374132,316.268141,17.156327
15300,3,0.000098,0.198320,-0.063628,1.746322,0.004751,-0.740432,1.732981,0.013341,0.287187,0.073052,0.087828,2.978401,0.443809,5.374680,315.925799,17.789890
15400,3,0.000098,0.199727,-0.063478,1.754701,0.004812,-0.740093,1.741318,0.013383,0.289883,0.073740,0.091257,3.009423,0.516721,5.374925,315.601329,17.258620
15500,3,0.000097,0.198545,-0.062952,1.743312,0.004868,-0.735620,1.729161,0.014151,0.292422,0.070100,0.091831,3.042480,0.526518,5.375083,315.281929,17.034947
15600,3,0.000097,0.199006,-0.063194,1.748002,0.004752,-0.736350,1.732655,0.015347,0.289258,0.076606,0.091276,3.060752,0.603191,5.375335,314.957109,17.429690
15700,4,0.000097,0.198580,-0.063335,1.746105,0.004809,-0.738602,1.731944,0.014161,0.288984,0.072319,0.091275,3.040707,0.584076,5.371647,314.863091,17.627784
15800,4,0.000097,0.199295,-0.063814,1.754058,0.004688,-0.741604,1.739876,0.014182,0.280313,0.067817,0.090264,3.046168,0.579208,5.372794,314.485656,17.570491
15900,4,0.000097,0.197722,-0.063602,1.742162,0.004745,-0.740616,1.729665,0.012497,0.285742,0.066406,0.091076,3.041015,0.588048,5.373463,314.136337,18.247253
16000,4,0.000097,0.198499,-0.063172,1.744473,0.004721,-0.736172,1.732807,0.011666,0.289102,0.070601,0.091043,3.030843,0.508653,5.373623,313.816802,18.638672
16000,0.003429,0.003930,0.004757,-0.061820,0.004070,-0.716647,0.067933,0.287598,0.015976,3.047283,0.066671,0.091573,19.137634
16100,4,0.000097,0.198245,-0.063515,1.745071,0.004736,-0.739879,1.731474,0.013597,0.291523,0.071978,0.091310,3.042100,0.508195,5.373760,313.498689,18.772314
16200,4,0.000097,0.197860,-0.063540,1.742666,0.004793,-0.740088,1.729600,0.013067,0.290117,0.074189,0.089918,3.052873,0.471668,5.372928,313.237035,18.810709
16300,4,0.000097,0.200112,-0.062104,1.748110,0.004710,-0.725820,1.732822,0.015288,0.293984,0.075947,0.091063,3.083516,0.608670,5.373616,312.886769,18.957311
16400,4,0.000097,0.200631,-0.062462,1.753956,0.004740,-0.729223,1.739982,0.013974,0.282930,0.075361,0.090935,3.081168,0.630750,5.374293,312.537223,18.638196
16500,4,0.000097,0.198777,-0.063212,1.746592,0.004839,-0.737360,1.733727,0.012866,0.286562,0.081035,0.089395,3.046189,0.467604,5.374199,312.232576,19.343005
16600,4,0.000097,0.198124,-0.063117,1.741606,0.004723,-0.735560,1.729026,0.012581,0.291406,0.071831,0.090201,3.068997,0.451329,5.375004,311.875744,19.290229
16700,4,0.000097,0.198898,-0.062964,1.745748,0.004804,-0.735295,1.732996,0.012752,0.287305,0.070518,0.090993,3.108203,0.533945,5.376053,311.504844,19.013192
16800,4,0.000097,0.197574,-0.064039,1.744087,0.004715,-0.743885,1.732980,0.011107,0.285430,0.068916,0.088960,3.111320,0.447916,5.376254,311.183232,19.427595
16900,4,0.000097,0.197219,-0.064358,1.743846,0.004706,-0.747056,1.730942,0.012904,0.289844,0.070742,0.086945,3.098702,0.541697,5.376982,310.831133,20.391738
17000,4,0.000097,0.199034,-0.063215,1.748330,0.004707,-0.736505,1.735743,0.012587,0.286602,0.070032,0.087085,3.123898,0.468081,5.376892,310.526339,20.284451
17100,4,0.000097,0.200368,-0.063093,1.756412,0.004767,-0.735594,1.741422,0.014990,0.281992,0.068176,0.089688,3.134753,0.645268,5.376404,310.244531,19.903905
17200,4,0.000097,0.197927,-0.063469,1.742644,0.004739,-0.739306,1.729675,0.012969,0.291211,0.072153,0.088103,3.132982,0.461281,5.377520,309.870204,20.440979
17300,4,0.000097,0.199365,-0.063184,1.750327,0.004670,-0.736108,1.738427,0.011900,0.285117,0.069438,0.088654,3.151325,0.455528,5.378054,309.529580,20.454106
17400,4,0.000097,0.198635,-0.062600,1.741565,0.004680,-0.730971,1.727899,0.013666,0.291172,0.071650,0.089719,3.175161,0.530288,5.378402,309.199668,20.806827
17500,4,0.000097,0.197626,-0.064002,1.744191,0.004737,-0.744145,1.731019,0.013172,0.289219,0.070161,0.087763,3.203237,0.432375,5.378353,308.892568,20.376777
17600,4,0.000097,0.198333,-0.062870,1.741348,0.004722,-0.733054,1.728664,0.012684,0.289805,0.070193,0.090171,3.205403,0.423096,5.378777,308.558381,20.519020
17700,4,0.000096,0.199228,-0.062698,1.746175,0.004777,-0.732323,1.733167,0.013009,0.289023,0.068074,0.090750,3.191819,0.464305,5.379124,308.228632,20.769945
17800,4,0.000096,0.198409,-0.063085,1.743298,0.004701,-0.734868,1.730356,0.012942,0.285977,0.071890,0.089408,3.223741,0.594809,5.379020,307.924759,20.862792
17900,4,0.000096,0.197728,-0.063790,1.743451,0.004776,-0.742085,1.729633,0.013818,0.287461,0.078506,0.087345,3.202198,0.597607,5.379111,307.609668,21.470186
18000,4,0.000096,0.198912,-0.063023,1.746232,0.004738,-0.734795,1.732070,0.014162,0.287305,0.072344,0.088039,3.200030,0.830643,5.379861,307.257021,21.169754
18000,0.003636,0.004066,0.004938,-0.067298,0.004255,-0.770632,0.071543,0.295410,0.026657,3.264747,0.067216,0.091897,20.344172
18100,4,0.000096,0.198067,-0.065410,1.756507,0.004661,-0.756454,1.741050,0.015458,0.282773,0.070220,0.088181,3.219569,0.868723,5.379359,306.975869,21.222012
18200,4,0.000096,0.199274,-0.063980,1.755025,0.004763,-0.743739,1.738881,0.016144,0.286680,0.068806,0.088135,3.220445,0.677722,5.380682,306.590634,21.715942
18300,4,0.000096,0.196485,-0.064078,1.737087,0.004737,-0.744731,1.723952,0.013135,0.289414,0.070598,0.086981,3.225881,0.581168,5.381173,306.252950,21.975464
18400,4,0.000096,0.199893,-0.063316,1.754730,0.004697,-0.737519,1.741274,0.013455,0.285703,0.068740,0.088888,3.262870,0.624325,5.380761,305.966622,21.627213
18500,4,0.000096,0.197017,-0.064694,1.744737,0.004614,-0.749278,1.730961,0.013777,0.287187,0.072373,0.087343,3.259131,0.505164,5.381149,305.634872,21.997705
18600,4,0.000096,0.196181,-0.064803,1.739893,0.004642,-0.750864,1.726413,0.013479,0.288672,0.069673,0.087093,3.230697,0.618396,5.382393,305.254563,22.076952
18700,4,0.000096,0.199047,-0.063122,1.747792,0.004698,-0.734827,1.734303,0.013489,0.288633,0.068892,0.090331,3.255156,0.724683,5.381962,304.969352,21.769239
18800,4,0.000096,0.196409,-0.064524,1.739553,0.004718,-0.748602,1.726021,0.013533,0.288203,0.070859,0.087206,3.248234,0.603320,5.382852,304.609295,22.186971
18900,4,0.000096,0.196597,-0.064292,1.739258,0.004689,-0.746345,1.725794,0.013464,0.290664,0.068630,0.088635,3.253077,0.549799,5.383130,304.283951,22.282371
19000,4,0.000096,0.199970,-0.062858,1.752182,0.004725,-0.733150,1.735836,0.016347,0.282500,0.071416,0.088462,3.260012,0.612347,5.383140,303.973754,22.531637
19100,4,0.000096,0.199748,-0.063190,1.752915,0.004686,-0.736183,1.737081,0.015834,0.281406,0.066833,0.090069,3.288160,0.781260,5.384258,303.601076,22.185328
19200,4,0.000096,0.199762,-0.062979,1.751609,0.004729,-0.734516,1.736574,0.015035,0.286758,0.070952,0.088837,3.275983,0.586164,5.383525,303.332872,22.863921
19300,4,0.000096,0.198830,-0.063934,1.751764,0.004686,-0.742845,1.737446,0.014318,0.283789,0.070850,0.087966,3.261990,0.559349,5.384381,302.975092,23.207912
19400,4,0.000096,0.198909,-0.062946,1.745699,0.004696,-0.733391,1.731653,0.014046,0.284102,0.069199,0.089766,3.308736,0.537588,5.385400,302.608297,22.738382
19500,4,0.000095,0.197984,-0.063492,1.743176,0.004714,-0.738466,1.729389,0.013787,0.294219,0.070957,0.087145,3.319088,0.531021,5.385284,302.305344,22.824570
19600,5,0.000095,0.200480,-0.061982,1.749747,0.004768,-0.725275,1.733816,0.015930,0.286875,0.068586,0.089898,3.350624,0.605250,5.383058,302.120692,22.872515
19700,5,0.000095,0.198270,-0.064151,1.749467,0.004633,-0.744406,1.735205,0.014262,0.283203,0.070464,0.087335,3.339208,0.506448,5.382977,301.815641,23.348749
19800,5,0.000095,0.196782,-0.064667,1.742993,0.004655,-0.749815,1.729411,0.013581,0.288359,0.069136,0.086061,3.314958,0.509013,5.383551,301.473879,23.402806
19900,5,0.000095,0.197557,-0.062864,1.736141,0.004687,-0.732837,1.724963,0.011178,0.292578,0.071870,0.086134,3.370738,0.431565,5.384032,301.137399,23.189824
20000,5,0.000095,0.197605,-0.063669,1.741823,0.004726,-0.740912,1.729597,0.012226,0.287383,0.070625,0.086393,3.343556,0.490417,5.384741,300.788195,23.358797
20000,0.003412,0.004038,0.004980,-0.065499,0.004192,-0.753101,0.069168,0.310059,0.054366,3.364208,0.071063,0.090311,22.842519
20100,5,0.000095,0.198819,-0.062740,1.743725,0.004707,-0.731945,1.731456,0.012269,0.286562,0.073008,0.087548,3.356576,0.573572,5.383058,300.572642,23.541130
20200,5,0.000095,0.197561,-0.063094,1.737696,0.004623,-0.733795,1.725697,0.011999,0.288438,0.068652,0.086336,3.396248,0.581293,5.383636,300.230779,23.362421
20300,5,0.000095,0.196817,-0.064673,1.743268,0.004650,-0.749946,1.731742,0.011526,0.289258,0.071069,0.085123,3.357077,0.452839,5.383255,299.942457,23.726371
20400,5,0.000095,0.196629,-0.064376,1.740036,0.004697,-0.747566,1.728831,0.011205,0.288320,0.069148,0.087737,3.361205,0.456207,5.384423,299.567867,23.532731
20500,5,0.000095,0.197105,-0.063270,1.735833,0.004579,-0.735862,1.724249,0.011584,0.295195,0.069285,0.088444,3.389171,0.557482,5.384208,299.270247,23.738156
20600,5,0.000095,0.197205,-0.064346,1.743673,0.004702,-0.746935,1.732663,0.011010,0.288281,0.070647,0.086131,3.386183,0.483612,5.384720,298.932294,23.957997
20700,5,0.000095,0.196554,-0.063978,1.736881,0.004633,-0.743577,1.724677,0.012205,0.296680,0.071621,0.086047,3.379205,0.504473,5.385398,298.585157,23.966909
20800,5,0.000095,0.196296,-0.064654,1.739665,0.004583,-0.748732,1.726957,0.012708,0.291250,0.071216,0.085507,3.375849,0.498666,5.385244,298.284199,24.108925
20900,5,0.000095,0.197516,-0.064811,1.748850,0.004602,-0.750181,1.736794,0.012056,0.283359,0.070483,0.085097,3.354544,0.557949,5.385401,297.966068,24.376716
21000,5,0.000095,0.196930,-0.064553,1.743221,0.004575,-0.748056,1.731682,0.011538,0.281992,0.070591,0.085745,3.382153,0.491032,5.386013,297.622751,24.295075
21100,5,0.000095,0.196680,-0.063517,1.734645,0.004626,-0.738530,1.722327,0.012318,0.295078,0.070181,0.084921,3.377659,0.567972,5.386763,297.271890,24.355605
21200,5,0.000094,0.199298,-0.062933,1.748207,0.004674,-0.733605,1.735603,0.012605,0.284062,0.069746,0.085502,3.420328,0.527629,5.387474,296.923339,23.953036
21300,5,0.000094,0.196743,-0.063301,1.733627,0.004598,-0.736722,1.721585,0.012041,0.294258,0.070752,0.086342,3.413286,0.511971,5.387704,296.601293,24.121573
21400,5,0.000094,0.197338,-0.063458,1.738639,0.004629,-0.737884,1.727538,0.011101,0.286094,0.070493,0.087045,3.419572,0.638304,5.388152,296.267297,24.157223
21500,5,0.000094,0.197381,-0.063316,1.737982,0.004695,-0.737138,1.727272,0.010710,0.288789,0.074771,0.087175,3.398893,0.470090,5.389027,295.909928,24.606883
21600,5,0.000094,0.196796,-0.064041,1.738914,0.004648,-0.744538,1.728640,0.010274,0.290859,0.071421,0.086119,3.388128,0.459943,5.389496,295.574959,24.644461
21700,5,0.000094,0.197014,-0.063567,1.737208,0.004610,-0.738708,1.726470,0.010738,0.288906,0.073828,0.084172,3.383690,0.480729,5.389348,295.273824,25.011921
21800,5,0.000094,0.198402,-0.062416,1.738786,0.004749,-0.728974,1.726752,0.012035,0.290000,0.077427,0.085742,3.384333,0.512056,5.389635,294.948850,24.963212
21900,5,0.000094,0.196500,-0.063825,1.735505,0.004622,-0.741295,1.723487,0.012017,0.295664,0.074292,0.085798,3.372761,0.457204,5.389943,294.622802,25.101148
22000,5,0.000094,0.197182,-0.063801,1.739882,0.004647,-0.741756,1.728035,0.011847,0.290820,0.070244,0.086472,3.379316,0.618083,5.390615,294.276851,24.895169
22000,0.003421,0.004112,0.004969,-0.067364,0.004197,-0.770112,0.069141,0.296387,0.040217,3.375739,0.079028,0.089952,25.095055
22100,5,0.000094,0.197403,-0.062906,1.735396,0.004747,-0.734404,1.723721,0.011674,0.289414,0.070383,0.087508,3.380476,0.545410,5.390223,293.989095,24.994467
22200,5,0.000094,0.195553,-0.064498,1.733675,0.004694,-0.748251,1.721882,0.011793,0.289375,0.069868,0.086974,3.375261,0.555282,5.390525,293.663418,25.344607
22300,5,0.000094,0.199106,-0.063387,1.749955,0.004706,-0.738058,1.738247,0.011708,0.285391,0.070278,0.088208,3.372713,0.486193,5.389793,293.394095,25.214724
22400,5,0.000094,0.196633,-0.064256,1.739261,0.004580,-0.744941,1.728359,0.010902,0.292852,0.068926,0.087134,3.368303,0.413218,5.390432,293.050107,25.598102
22500,5,0.000094,0.195969,-0.064303,1.735148,0.004612,-0.745717,1.724785,0.010363,0.291133,0.071538,0.086252,3.351144,0.429235,5.391172,292.700751,25.924205
22600,5,0.000094,0.196109,-0.064709,1.738787,0.004596,-0.749533,1.728248,0.010540,0.292930,0.073560,0.085280,3.333786,0.445146,5.391566,292.370198,26.117168
22700,5,0.000093,0.196942,-0.063350,1.735278,0.004668,-0.737330,1.723569,0.011709,0.293672,0.073130,0.088612,3.358382,0.581530,5.392196,292.026951,25.643169
22800,5,0.000093,0.196045,-0.063998,1.733621,0.004614,-0.742882,1.723315,0.010306,0.296367,0.071450,0.087190,3.336103,0.478495,5.393036,291.672456,25.752393
22900,5,0.000093,0.198328,-0.062706,1.740225,0.004664,-0.731034,1.729440,0.010784,0.286289,0.073252,0.087604,3.344219,0.490076,5.393376,291.345031,25.674446
23000,5,0.000093,0.196640,-0.063898,1.736924,0.004633,-0.743226,1.727107,0.009818,0.290859,0.073047,0.085311,3.325518,0.455210,5.393259,291.042346,26.089193
23100,5,0.000093,0.196425,-0.063945,1.735802,0.004691,-0.742954,1.724713,0.011089,0.290586,0.070312,0.085771,3.312992,0.633764,5.393753,290.706694,26.216617
23200,5,0.000093,0.198356,-0.063418,1.745157,0.004682,-0.737969,1.733688,0.011469,0.288281,0.074526,0.085711,3.305327,0.638706,5.392863,290.445603,26.192842
23300,5,0.000093,0.196764,-0.064765,1.743529,0.004584,-0.750284,1.730936,0.012592,0.291328,0.076113,0.084893,3.279109,0.559007,5.393408,290.107229,26.441568
23400,5,0.000093,0.197216,-0.062947,1.734421,0.004658,-0.733492,1.723731,0.010689,0.292969,0.076616,0.087281,3.271171,0.469675,5.394067,289.762813,26.365457
23500,6,0.000093,0.195274,-0.064212,1.729905,0.004561,-0.744580,1.719401,0.010503,0.293555,0.084453,0.087059,3.257415,0.439758,5.391656,289.583268,26.888044
23600,6,0.000093,0.196636,-0.063956,1.737282,0.004582,-0.742215,1.726531,0.010751,0.287813,0.077041,0.088099,3.259842,0.451266,5.392072,289.251809,26.829586
23700,6,0.000093,0.195483,-0.064336,1.732126,0.004653,-0.746239,1.720619,0.011507,0.295586,0.073970,0.086251,3.264330,0.478974,5.392708,288.908664,26.746712
23800,6,0.000093,0.195839,-0.064228,1.733779,0.004699,-0.745777,1.723171,0.010608,0.294766,0.073154,0.086606,3.233192,0.484410,5.392421,288.614934,26.897374
23900,6,0.000093,0.196424,-0.063186,1.730739,0.004699,-0.735902,1.720753,0.009986,0.296172,0.067830,0.086426,3.211265,0.500024,5.393186,288.264988,26.835090
24000,6,0.000093,0.196682,-0.063884,1.737103,0.004698,-0.742517,1.725962,0.011141,0.289219,0.073276,0.085705,3.184376,0.552782,5.393770,287.924758,26.989918
24000,0.003458,0.004117,0.004930,-0.065212,0.004112,-0.749153,0.069536,0.310547,0.019690,3.200023,0.078764,0.090387,27.151812
24100,6,0.000092,0.195047,-0.063790,1.725579,0.004569,-0.740386,1.714703,0.010876,0.298945,0.076382,0.085354,3.176192,0.485660,5.394267,287.589259,27.263901
24200,6,0.000092,0.200001,-0.061720,1.744804,0.004731,-0.723590,1.733150,0.011653,0.289258,0.077671,0.086007,3.143686,0.523426,5.395243,287.228331,27.193399
24300,6,0.000092,0.197481,-0.063458,1.739595,0.004711,-0.738744,1.727527,0.012068,0.292109,0.080107,0.084252,3.139489,0.624771,5.395112,286.926381,27.796364
24400,6,0.000092,0.196452,-0.063931,1.735886,0.004679,-0.743058,1.725125,0.010761,0.291211,0.076230,0.084757,3.130308,0.537169,5.396308,286.553965,28.056864
24500,6,0.000092,0.197544,-0.063015,1.737056,0.004660,-0.734218,1.725376,0.011680,0.293242,0.080903,0.086901,3.132034,0.571449,5.396519,286.233873,28.136868
24600,6,0.000092,0.195995,-0.063604,1.730665,0.004748,-0.740490,1.717459,0.013206,0.299492,0.082700,0.086854,3.087455,0.505840,5.397718,285.861539,28.229251
24700,6,0.000092,0.197517,-0.062946,1.736419,0.004701,-0.733676,1.723713,0.012706,0.294023,0.077651,0.088548,3.073659,0.509186,5.398245,285.524902,28.441432
24800,6,0.000092,0.198496,-0.062782,1.741857,0.004758,-0.732866,1.729805,0.012051,0.286992,0.085347,0.087581,3.004697,0.579898,5.398438,285.205953,28.694728
24900,6,0.000092,0.198392,-0.063174,1.743768,0.004726,-0.736764,1.731450,0.012318,0.287773,0.090527,0.087640,3.012792,0.530002,5.398638,284.886652,29.194171
25000,6,0.000092,0.195891,-0.064241,1.734213,0.004700,-0.746122,1.722727,0.011487,0.292187,0.092085,0.085786,3.025468,0.464784,5.399018,284.557919,29.559339
25100,6,0.000092,0.196795,-0.063567,1.735745,0.004647,-0.739027,1.724592,0.011154,0.290078,0.083726,0.087264,3.029631,0.462966,5.399723,284.212123,29.547988
25200,6,0.000092,0.195830,-0.063214,1.726962,0.004677,-0.736280,1.715744,0.011218,0.296602,0.086226,0.089461,3.022529,0.463867,5.399905,283.893881,29.492200
25300,6,0.000092,0.195132,-0.064676,1.732054,0.004698,-0.750111,1.721133,0.010921,0.292930,0.090459,0.087434,3.009138,0.441422,5.399617,283.600366,29.924594
25400,6,0.000092,0.195539,-0.063162,1.724675,0.004666,-0.735553,1.714460,0.010215,0.296484,0.086460,0.087960,3.014256,0.433976,5.399449,283.300489,30.063159
25500,6,0.000091,0.196396,-0.063873,1.735132,0.004586,-0.741578,1.723714,0.011418,0.289414,0.090322,0.088504,3.000359,0.431378,5.399708,282.978287,30.712547
25600,6,0.000091,0.195537,-0.064169,1.731372,0.004607,-0.744778,1.719595,0.011777,0.294414,0.094106,0.088717,2.970791,0.503353,5.400071,282.650593,30.696997
25700,6,0.000091,0.195988,-0.063269,1.728376,0.004713,-0.736982,1.717860,0.010517,0.293320,0.095220,0.089500,2.970429,0.477092,5.401002,282.293284,30.803820
25800,6,0.000091,0.196589,-0.063196,1.731898,0.004643,-0.735905,1.721083,0.010815,0.292539,0.094541,0.090890,2.920688,0.523189,5.401613,281.952826,30.579921
25900,6,0.000091,0.193869,-0.064759,1.724184,0.004635,-0.750646,1.714032,0.010151,0.295742,0.091938,0.088693,2.905750,0.435381,5.401665,281.641579,31.306240
26000,6,0.000091,0.195762,-0.063185,1.726318,0.004689,-0.736054,1.716841,0.009477,0.296094,0.092441,0.090310,2.914883,0.830132,5.401654,281.333607,31.622287
26000,0.003322,0.003785,0.004776,-0.065165,0.003944,-0.748431,0.069587,0.326660,0.014777,2.920514,0.090021,0.092901,31.648013
26100,6,0.000091,0.195612,-0.063899,1.730075,0.004619,-0.741987,1.719730,0.010345,0.290625,0.088047,0.089674,2.923919,0.547822,5.401293,281.043823,31.738065
26200,6,0.000091,0.195387,-0.064448,1.732238,0.004690,-0.747873,1.722403,0.009835,0.288555,0.094648,0.088316,2.884158,0.449317,5.402012,280.697863,32.254523
26300,6,0.000091,0.195779,-0.063630,1.729395,0.004558,-0.739045,1.719506,0.009889,0.294609,0.098618,0.088203,2.890161,0.461667,5.402156,280.381871,32.855781
26400,6,0.000091,0.195993,-0.063602,1.730633,0.004658,-0.739565,1.719903,0.010730,0.294063,0.096724,0.088461,2.869582,0.467633,5.402644,280.048043,33.251800
